KEY,ENTITY,D0,D1,D2,D3,D4,D5,D6,D7,REFERENCES
2.0,CARTESIAN_POINT,0.0,0.0,0.0,1148.0,0.0,0.0,0.0,0.0,[1148]
4.0,PRODUCT,0.0,1399.0,17.500000000000004,0.0,0.0,0.0,0.0,0.0,[1399]
5.0,PERSON,0.0,1820.0,1815.0,0.0,0.0,0.0,0.0,0.0,"[1820, 1815]"
6.0,CIRCLE,0.0,1235.0,259.0,0.0,0.0,0.0,0.0,0.0,"[1235, 259]"
7.0,EDGE_LOOP,0.0,1403.0,2.749999999999992,0.0,0.0,0.0,0.0,0.0,[1403]
8.0,LINE,0.0,1221.0,10.0,0.0,0.0,0.0,0.0,0.0,"[1221, 10]"
9.0,CIRCLE,0.0,349.0,13.0,0.0,0.0,0.0,0.0,0.0,"[349, 13]"
10.0,LINE,0.0,1227.0,1000.0,0.0,0.0,0.0,0.0,0.0,[1227]
11.0,LINE,0.0,801.0,1000.0,0.0,0.0,0.0,0.0,0.0,[801]
12.0,VECTOR,0.0,350.0,1000.0,0.0,0.0,0.0,0.0,0.0,[350]
13.0,VECTOR,0.0,352.0,1000.0,0.0,0.0,0.0,0.0,0.0,[352]
14.0,VECTOR,0.0,268.0,78.0,0.0,0.0,0.0,0.0,0.0,"[268, 78]"
15.0,VECTOR,0.0,798.0,16.0,0.0,0.0,0.0,0.0,0.0,"[798, 16]"
16.0,LINE,0.0,799.0,1000.0,0.0,0.0,0.0,0.0,0.0,[799]
17.0,LINE,0.0,1234.0,253.0,0.0,0.0,0.0,0.0,0.0,"[1234, 253]"
18.0,VECTOR,0.0,1558.0,2.0999999999999974,1.029744258676654,0.0,0.0,0.0,0.0,[1558]
19.0,LINE,0.0,1915.0,1883.0,1913.0,2009.0,0.0,0.0,0.0,"[1915, 1883, 1913, 2009]"
20.0,CONICAL_SURFACE,0.0,1408.0,2.0999999999999974,0.0,0.0,0.0,0.0,0.0,[1408]
21.0,EDGE_LOOP,0.0,1790.0,1793.0,1788.0,1791.0,0.0,0.0,0.0,"[1790, 1793, 1788, 1791]"
22.0,CIRCLE,0.0,1206.0,1000.0,0.0,0.0,0.0,0.0,0.0,[1206]
23.0,EDGE_LOOP,0.0,1420.0,3.2999999999999967,0.0,0.0,0.0,0.0,0.0,[1420]
24.0,VECTOR,0.0,21.0,1.0,0.0,0.0,0.0,0.0,0.0,[21]
25.0,CYLINDRICAL_SURFACE,0.0,194.0,1.0,0.0,0.0,0.0,0.0,0.0,[194]
26.0,FACE_OUTER_BOUND,0.0,210.0,1.0,0.0,0.0,0.0,0.0,0.0,[210]
27.0,FACE_OUTER_BOUND,0.0,1224.0,73.0,0.0,0.0,0.0,0.0,0.0,"[1224, 73]"
28.0,FACE_OUTER_BOUND,0.0,1427.0,2.749999999999992,0.0,0.0,0.0,0.0,0.0,[1427]
29.0,LINE,0.0,254.0,1.0,0.0,0.0,0.0,0.0,0.0,[254]
30.0,CIRCLE,0.0,118.0,1.0,0.0,0.0,0.0,0.0,0.0,[118]
31.0,FACE_BOUND,0.0,262.0,1.0,0.0,0.0,0.0,0.0,0.0,[262]
32.0,FACE_OUTER_BOUND,0.0,1771.0,1.0,0.0,0.0,0.0,0.0,0.0,[1771]
33.0,FACE_OUTER_BOUND,0.0,1437.0,2.749999999999996,0.0,0.0,0.0,0.0,0.0,[1437]
34.0,FACE_OUTER_BOUND,0.0,1537.0,2.499999999999995,0.0,0.0,0.0,0.0,0.0,[1537]
35.0,CYLINDRICAL_SURFACE,0.0,1430.0,2.0999999999999974,0.0,0.0,0.0,0.0,0.0,[1430]
36.0,CYLINDRICAL_SURFACE,0.0,1767.0,1.0,0.0,0.0,0.0,0.0,0.0,[1767]
37.0,CYLINDRICAL_SURFACE,0.0,227.0,1.0,0.0,0.0,0.0,0.0,0.0,[227]
38.0,FACE_OUTER_BOUND,0.0,238.0,1.0,0.0,0.0,0.0,0.0,0.0,[238]
39.0,FACE_OUTER_BOUND,0.0,217.0,1.0,0.0,0.0,0.0,0.0,0.0,[217]
40.0,FACE_BOUND,0.0,1842.0,1.0,0.0,0.0,0.0,0.0,0.0,[1842]
41.0,FACE_OUTER_BOUND,0.0,1963.0,1889.0,1961.0,1757.0,0.0,0.0,0.0,"[1963, 1889, 1961, 1757]"
42.0,FACE_OUTER_BOUND,0.0,1587.0,2.4999999999999987,0.0,0.0,0.0,0.0,0.0,[1587]
43.0,EDGE_LOOP,0.0,179.0,1.0,0.0,0.0,0.0,0.0,0.0,[179]
44.0,CYLINDRICAL_SURFACE,0.0,187.0,1.0,0.0,0.0,0.0,0.0,0.0,[187]
45.0,FACE_BOUND,0.0,191.0,1.0,0.0,0.0,0.0,0.0,0.0,[191]
46.0,FACE_OUTER_BOUND,0.0,1429.0,2.0999999999999974,1.029744258676654,0.0,0.0,0.0,0.0,[1429]
47.0,FACE_BOUND,0.0,79.0,1.0,0.0,0.0,0.0,0.0,0.0,[79]
48.0,CONICAL_SURFACE,0.0,19.0,1.0,0.0,0.0,0.0,0.0,0.0,[19]
49.0,FACE_BOUND,0.0,196.0,1.0,0.0,0.0,0.0,0.0,0.0,[196]
50.0,FACE_OUTER_BOUND,0.0,171.0,1.0,0.0,0.0,0.0,0.0,0.0,[171]
51.0,FACE_OUTER_BOUND,0.0,1439.0,2.749999999999992,0.0,0.0,0.0,0.0,0.0,[1439]
52.0,FACE_OUTER_BOUND,0.0,1769.0,1.0,0.0,0.0,0.0,0.0,0.0,[1769]
53.0,CYLINDRICAL_SURFACE,0.0,197.0,1.0,0.0,0.0,0.0,0.0,0.0,[197]
54.0,FACE_OUTER_BOUND,0.0,244.0,1.0,0.0,0.0,0.0,0.0,0.0,[244]
55.0,FACE_BOUND,0.0,1443.0,18.49999999999999,0.7853981633974466,0.0,0.0,0.0,0.0,[1443]
56.0,FACE_OUTER_BOUND,0.0,1862.0,1699.0,1743.0,1735.0,1686.0,1956.0,0.0,"[1862, 1699, 1743, 1735, 1686, 1956]"
57.0,CONICAL_SURFACE,0.0,1763.0,1.0,0.0,0.0,0.0,0.0,0.0,[1763]
58.0,EDGE_LOOP,0.0,1927.0,1924.0,1925.0,1923.0,0.0,0.0,0.0,"[1927, 1924, 1925, 1923]"
59.0,FACE_OUTER_BOUND,0.0,1409.0,18.500000000000043,0.0,0.0,0.0,0.0,0.0,[1409]
60.0,EDGE_LOOP,0.0,1251.0,71.0,0.0,0.0,0.0,0.0,0.0,"[1251, 71]"
61.0,CIRCLE,0.0,1175.0,1000.0,0.0,0.0,0.0,0.0,0.0,[1175]
62.0,LINE,0.0,1194.0,181.0,0.0,0.0,0.0,0.0,0.0,"[1194, 181]"
63.0,VECTOR,0.0,1208.0,815.0,0.0,0.0,0.0,0.0,0.0,"[1208, 815]"
64.0,LINE,0.0,1190.0,1000.0,0.0,0.0,0.0,0.0,0.0,[1190]
65.0,LINE,0.0,1237.0,1000.0,0.0,0.0,0.0,0.0,0.0,[1237]
66.0,VECTOR,0.0,1181.0,1000.0,0.0,0.0,0.0,0.0,0.0,[1181]
67.0,VECTOR,0.0,1238.0,65.0,0.0,0.0,0.0,0.0,0.0,"[1238, 65]"
68.0,VECTOR,0.0,1428.0,2.0999999999999974,0.0,0.0,0.0,0.0,0.0,[1428]
69.0,LINE,0.0,797.0,1000.0,0.0,0.0,0.0,0.0,0.0,[797]
70.0,CIRCLE,0.0,1407.0,2.749999999999996,0.0,0.0,0.0,0.0,0.0,[1407]
71.0,VECTOR,0.0,1250.0,1000.0,0.0,0.0,0.0,0.0,0.0,[1250]
72.0,CIRCLE,0.0,1405.0,4.9999999999999964,0.0,0.0,0.0,0.0,0.0,[1405]
73.0,VECTOR,0.0,1228.0,1000.0,0.0,0.0,0.0,0.0,0.0,[1228]
74.0,CIRCLE,0.0,1431.0,2.749999999999996,0.0,0.0,0.0,0.0,0.0,[1431]
75.0,VECTOR,0.0,805.0,12.0,0.0,0.0,0.0,0.0,0.0,"[805, 12]"
76.0,CIRCLE,0.0,800.0,77.0,0.0,0.0,0.0,0.0,0.0,"[800, 77]"
77.0,LINE,0.0,1218.0,1000.0,0.0,0.0,0.0,0.0,0.0,[1218]
78.0,LINE,0.0,1226.0,1000.0,0.0,0.0,0.0,0.0,0.0,[1226]
79.0,VECTOR,0.0,1990.0,2012.0,0.0,0.0,0.0,0.0,0.0,"[1990, 2012]"
80.0,VECTOR,0.0,261.0,1.0,0.0,0.0,0.0,0.0,0.0,[261]
81.0,EDGE_LOOP,0.0,189.0,1.0,0.0,0.0,0.0,0.0,0.0,[189]
82.0,FACE_OUTER_BOUND,0.0,1419.0,5.499999999999998,0.0,0.0,0.0,0.0,0.0,[1419]
83.0,FACE_OUTER_BOUND,0.0,199.0,1.0,0.0,0.0,0.0,0.0,0.0,[199]
84.0,CYLINDRICAL_SURFACE,0.0,129.0,1.0,0.0,0.0,0.0,0.0,0.0,[129]
85.0,FACE_OUTER_BOUND,0.0,5.0,1.0,0.0,0.0,0.0,0.0,0.0,[5]
86.0,FACE_OUTER_BOUND,0.0,218.0,1.0,0.0,0.0,0.0,0.0,0.0,[218]
87.0,FACE_OUTER_BOUND,0.0,201.0,1.0,0.0,0.0,0.0,0.0,0.0,[201]
88.0,FACE_BOUND,0.0,130.0,1.0,0.0,0.0,0.0,0.0,0.0,[130]
89.0,FACE_OUTER_BOUND,0.0,228.0,1.0,0.0,0.0,0.0,0.0,0.0,[228]
90.0,FACE_OUTER_BOUND,0.0,1585.0,4.999999999999994,0.0,0.0,0.0,0.0,0.0,[1585]
91.0,FACE_OUTER_BOUND,0.0,1279.0,1000.0,0.0,0.0,0.0,0.0,0.0,[1279]
92.0,CIRCLE,0.0,1269.0,1000.0,0.0,0.0,0.0,0.0,0.0,[1269]
93.0,VECTOR,0.0,234.0,1.0,0.0,0.0,0.0,0.0,0.0,[234]
94.0,VECTOR,0.0,1770.0,1.0,0.0,0.0,0.0,0.0,0.0,[1770]
95.0,FACE_OUTER_BOUND,0.0,1988.0,1874.0,0.0,0.0,0.0,0.0,0.0,"[1988, 1874]"
96.0,FACE_OUTER_BOUND,0.0,232.0,1.0,0.0,0.0,0.0,0.0,0.0,[232]
97.0,EDGE_LOOP,0.0,1772.0,1.0,0.0,0.0,0.0,0.0,0.0,[1772]
98.0,FACE_OUTER_BOUND,0.0,1270.0,92.0,0.0,0.0,0.0,0.0,0.0,"[1270, 92]"
99.0,FACE_OUTER_BOUND,0.0,1278.0,1000.0,0.0,0.0,0.0,0.0,0.0,[1278]
100.0,LINE,0.0,1276.0,102.0,0.0,0.0,0.0,0.0,0.0,"[1276, 102]"
101.0,VECTOR,0.0,1306.0,178.0,0.0,0.0,0.0,0.0,0.0,"[1306, 178]"
102.0,LINE,0.0,1275.0,1000.0,0.0,0.0,0.0,0.0,0.0,[1275]
103.0,LINE,0.0,1271.0,177.0,0.0,0.0,0.0,0.0,0.0,"[1271, 177]"
104.0,VECTOR,0.0,1268.0,105.0,0.0,0.0,0.0,0.0,0.0,"[1268, 105]"
105.0,LINE,0.0,1267.0,1000.0,0.0,0.0,0.0,0.0,0.0,[1267]
106.0,LINE,0.0,157.0,1.0,0.0,0.0,0.0,0.0,0.0,[157]
107.0,VECTOR,0.0,1266.0,114.0,0.0,0.0,0.0,0.0,0.0,"[1266, 114]"
108.0,FACE_OUTER_BOUND,0.0,1264.0,112.0,0.0,0.0,0.0,0.0,0.0,"[1264, 112]"
109.0,LINE,0.0,95.0,1.0,0.0,0.0,0.0,0.0,0.0,[95]
110.0,LINE,0.0,1308.0,119.0,0.0,0.0,0.0,0.0,0.0,"[1308, 119]"
111.0,FACE_OUTER_BOUND,0.0,1445.0,2.0999999999999974,0.0,0.0,0.0,0.0,0.0,[1445]
112.0,LINE,0.0,1263.0,1000.0,0.0,0.0,0.0,0.0,0.0,[1263]
113.0,CYLINDRICAL_SURFACE,0.0,169.0,1.0,0.0,0.0,0.0,0.0,0.0,[169]
114.0,VECTOR,0.0,1265.0,1000.0,0.0,0.0,0.0,0.0,0.0,[1265]
115.0,FACE_BOUND,0.0,1262.0,117.0,0.0,0.0,0.0,0.0,0.0,"[1262, 117]"
116.0,VECTOR,0.0,1426.0,2.0999999999999974,1.029744258676654,0.0,0.0,0.0,0.0,[1426]
117.0,LINE,0.0,1310.0,1000.0,0.0,0.0,0.0,0.0,0.0,[1310]
118.0,CONICAL_SURFACE,0.0,1818.0,1813.0,1811.0,1814.0,0.0,0.0,0.0,"[1818, 1813, 1811, 1814]"
119.0,VECTOR,0.0,1307.0,1000.0,0.0,0.0,0.0,0.0,0.0,[1307]
120.0,EDGE_LOOP,0.0,1758.0,1964.0,1950.0,1851.0,0.0,0.0,0.0,"[1758, 1964, 1950, 1851]"
121.0,VECTOR,0.0,1184.0,235.0,0.0,0.0,0.0,0.0,0.0,"[1184, 235]"
122.0,EDGE_LOOP,0.0,265.0,1.0,0.0,0.0,0.0,0.0,0.0,[265]
123.0,LINE,0.0,143.0,1.0,0.0,0.0,0.0,0.0,0.0,[143]
124.0,FACE_OUTER_BOUND,0.0,188.0,1.0,0.0,0.0,0.0,0.0,0.0,[188]
125.0,FACE_OUTER_BOUND,0.0,1406.0,2.0999999999999974,0.0,0.0,0.0,0.0,0.0,[1406]
126.0,FACE_BOUND,0.0,233.0,1.0,0.0,0.0,0.0,0.0,0.0,[233]
127.0,CIRCLE,0.0,1834.0,1.0,0.0,0.0,0.0,0.0,0.0,[1834]
128.0,FACE_OUTER_BOUND,0.0,1423.0,3.2999999999999967,0.0,0.0,0.0,0.0,0.0,[1423]
129.0,FACE_BOUND,0.0,1816.0,1809.0,1812.0,1807.0,0.0,0.0,0.0,"[1816, 1809, 1812, 1807]"
130.0,CYLINDRICAL_SURFACE,0.0,1828.0,1827.0,1825.0,1823.0,0.0,0.0,0.0,"[1828, 1827, 1825, 1823]"
131.0,EDGE_LOOP,0.0,1679.0,1911.0,1968.0,1692.0,1907.0,1859.0,1741.0,"[1679, 1911, 1968, 1692, 1907, 1859, 1741, 1731, 1865, 1854, 1891, 1852]"
132.0,EDGE_LOOP,0.0,1838.0,1.0,0.0,0.0,0.0,0.0,0.0,[1838]
133.0,EDGE_LOOP,0.0,1999.0,1.0,0.0,0.0,0.0,0.0,0.0,[1999]
134.0,FACE_OUTER_BOUND,0.0,1761.0,1.0,0.0,0.0,0.0,0.0,0.0,[1761]
135.0,FACE_OUTER_BOUND,0.0,1682.0,1.0,0.0,0.0,0.0,0.0,0.0,[1682]
136.0,FACE_OUTER_BOUND,0.0,1404.0,2.7499999999999885,0.0,0.0,0.0,0.0,0.0,[1404]
137.0,FACE_BOUND,0.0,1831.0,1.0,0.0,0.0,0.0,0.0,0.0,[1831]
138.0,CIRCLE,0.0,2030.0,2029.0,2027.0,1986.0,0.0,0.0,0.0,"[2030, 2029, 2027, 1986]"
139.0,FACE_OUTER_BOUND,0.0,1638.0,2.499999999999995,0.0,0.0,0.0,0.0,0.0,[1638]
140.0,EDGE_LOOP,0.0,2026.0,2034.0,1989.0,1991.0,2007.0,0.0,0.0,"[2026, 2034, 1989, 1991, 2007]"
141.0,CYLINDRICAL_SURFACE,0.0,791.0,148.0,0.0,0.0,0.0,0.0,0.0,"[791, 148]"
142.0,EDGE_LOOP,0.0,145.0,1.0,0.0,0.0,0.0,0.0,0.0,[145]
143.0,LINE,0.0,2014.0,1982.0,2016.0,2017.0,0.0,0.0,0.0,"[2014, 1982, 2016, 2017]"
144.0,FACE_OUTER_BOUND,0.0,1416.0,5.499999999999998,0.0,0.0,0.0,0.0,0.0,[1416]
145.0,EDGE_LOOP,0.0,1779.0,1781.0,1778.0,1777.0,0.0,0.0,0.0,"[1779, 1781, 1778, 1777]"
146.0,CYLINDRICAL_SURFACE,0.0,1832.0,1.0,0.0,0.0,0.0,0.0,0.0,[1832]
147.0,EDGE_LOOP,0.0,231.0,1.0,0.0,0.0,0.0,0.0,0.0,[231]
148.0,FACE_OUTER_BOUND,0.0,792.0,1000.0,0.0,0.0,0.0,0.0,0.0,[792]
149.0,FACE_OUTER_BOUND,0.0,1839.0,1.0,0.0,0.0,0.0,0.0,0.0,[1839]
150.0,VECTOR,0.0,1281.0,1000.0,0.0,0.0,0.0,0.0,0.0,[1281]
151.0,FACE_OUTER_BOUND,0.0,286.0,288.0,287.0,291.0,290.0,289.0,292.0,"[286, 288, 287, 291, 290, 289, 292, 293, 294, 295, 296, 297, 298, 299, 300, 301, 302, 303, 304, 305, 306, 307, 308, 309, 310, 311, 312, 313, 314, 315, 316, 317, 318, 319, 320, 321, 322, 323, 324, 325, 326, 327, 328, 329, 330, 331, 332, 333, 334, 335, 336, 337, 338, 339, 340, 341, 342, 343, 344, 345, 346, 347, 348]"
152.0,VECTOR,0.0,1637.0,2.0999999999999974,0.0,0.0,0.0,0.0,0.0,[1637]
153.0,CLOSED_SHELL,0.0,1240.0,161.0,0.0,0.0,0.0,0.0,0.0,"[1240, 161]"
154.0,CYLINDRICAL_SURFACE,0.0,1456.0,4.9999999999999964,0.0,0.0,0.0,0.0,0.0,[1456]
155.0,LINE,0.0,1280.0,99.0,0.0,0.0,0.0,0.0,0.0,"[1280, 99]"
156.0,CIRCLE,0.0,1462.0,3.2999999999999967,0.0,0.0,0.0,0.0,0.0,[1462]
157.0,LINE,0.0,1976.0,1977.0,1995.0,1993.0,0.0,0.0,0.0,"[1976, 1977, 1995, 1993]"
158.0,CYLINDRICAL_SURFACE,0.0,1394.0,25.0,0.0,0.0,0.0,0.0,0.0,[1394]
159.0,EDGE_LOOP,0.0,1401.0,17.500000000000004,0.0,0.0,0.0,0.0,0.0,[1401]
160.0,CIRCLE,0.0,1312.0,1000.0,0.0,0.0,0.0,0.0,0.0,[1312]
161.0,CIRCLE,0.0,1301.0,1000.0,0.0,0.0,0.0,0.0,0.0,[1301]
162.0,VECTOR,0.0,1179.0,66.0,0.0,0.0,0.0,0.0,0.0,"[1179, 66]"
163.0,VECTOR,0.0,41.0,1.0,0.0,0.0,0.0,0.0,0.0,[41]
164.0,LINE,0.0,1.0,175.0,0.0,0.0,0.0,0.0,0.0,"[1, 175]"
165.0,FACE_OUTER_BOUND,0.0,1195.0,64.0,0.0,0.0,0.0,0.0,0.0,"[1195, 64]"
166.0,LINE,0.0,1178.0,61.0,0.0,0.0,0.0,0.0,0.0,"[1178, 61]"
167.0,LINE,0.0,1304.0,170.0,0.0,0.0,0.0,0.0,0.0,"[1304, 170]"
168.0,LINE,0.0,1288.0,150.0,0.0,0.0,0.0,0.0,0.0,"[1288, 150]"
169.0,LINE,0.0,1810.0,1806.0,0.0,0.0,0.0,0.0,0.0,"[1810, 1806]"
170.0,LINE,0.0,1311.0,1000.0,0.0,0.0,0.0,0.0,0.0,[1311]
171.0,EDGE_LOOP,0.0,1994.0,1992.0,2033.0,2008.0,0.0,0.0,0.0,"[1994, 1992, 2033, 2008]"
172.0,VECTOR,0.0,1317.0,174.0,0.0,0.0,0.0,0.0,0.0,"[1317, 174]"
173.0,EDGE_LOOP,0.0,1196.0,1000.0,0.0,0.0,0.0,0.0,0.0,[1196]
174.0,LINE,0.0,1315.0,1000.0,0.0,0.0,0.0,0.0,0.0,[1315]
175.0,VECTOR,0.0,1197.0,1000.0,0.0,0.0,0.0,0.0,0.0,[1197]
176.0,VECTOR,0.0,1198.0,173.0,0.0,0.0,0.0,0.0,0.0,"[1198, 173]"
177.0,VECTOR,0.0,1305.0,1000.0,0.0,0.0,0.0,0.0,0.0,[1305]
178.0,LINE,0.0,1309.0,1000.0,0.0,0.0,0.0,0.0,0.0,[1309]
179.0,VECTOR,0.0,1974.0,1983.0,0.0,0.0,0.0,0.0,0.0,"[1974, 1983]"
180.0,VECTOR,0.0,1209.0,1000.0,0.0,0.0,0.0,0.0,0.0,[1209]
181.0,EDGE_LOOP,0.0,1193.0,1000.0,0.0,0.0,0.0,0.0,0.0,[1193]
182.0,VECTOR,0.0,1186.0,183.0,0.0,0.0,0.0,0.0,0.0,"[1186, 183]"
183.0,VECTOR,0.0,1172.0,1000.0,0.0,0.0,0.0,0.0,0.0,[1172]
184.0,LINE,0.0,1187.0,185.0,0.0,0.0,0.0,0.0,0.0,"[1187, 185]"
185.0,VECTOR,0.0,1189.0,1000.0,0.0,0.0,0.0,0.0,0.0,[1189]
186.0,LINE,0.0,1176.0,180.0,0.0,0.0,0.0,0.0,0.0,"[1176, 180]"
187.0,VECTOR,0.0,1880.0,1872.0,0.0,0.0,0.0,0.0,0.0,"[1880, 1872]"
188.0,LINE,0.0,2032.0,1850.0,0.0,0.0,0.0,0.0,0.0,"[2032, 1850]"
189.0,EDGE_LOOP,0.0,1794.0,1797.0,1792.0,1795.0,0.0,0.0,0.0,"[1794, 1797, 1792, 1795]"
190.0,EDGE_LOOP,0.0,1459.0,2.0999999999999974,1.029744258676654,0.0,0.0,0.0,0.0,[1459]
191.0,EDGE_LOOP,0.0,2028.0,2031.0,0.0,0.0,0.0,0.0,0.0,"[2028, 2031]"
192.0,CONICAL_SURFACE,0.0,1844.0,1.0,0.0,0.0,0.0,0.0,0.0,[1844]
193.0,EDGE_LOOP,0.0,1398.0,4.99999999999999,0.0,0.0,0.0,0.0,0.0,[1398]
194.0,FACE_OUTER_BOUND,0.0,1784.0,1783.0,1782.0,1780.0,0.0,0.0,0.0,"[1784, 1783, 1782, 1780]"
195.0,CIRCLE,0.0,1578.0,2.0999999999999974,0.0,0.0,0.0,0.0,0.0,[1578]
196.0,EDGE_LOOP,0.0,1881.0,1882.0,1893.0,0.0,0.0,0.0,0.0,"[1881, 1882, 1893]"
197.0,CYLINDRICAL_SURFACE,0.0,1871.0,1943.0,0.0,0.0,0.0,0.0,0.0,"[1871, 1943]"
198.0,EDGE_LOOP,0.0,1465.0,3.2999999999999967,0.0,0.0,0.0,0.0,0.0,[1465]
199.0,EDGE_LOOP,0.0,1786.0,1789.0,1785.0,1787.0,0.0,0.0,0.0,"[1786, 1789, 1785, 1787]"
200.0,CYLINDRICAL_SURFACE,0.0,1579.0,5.499999999999998,0.0,0.0,0.0,0.0,0.0,[1579]
201.0,EDGE_LOOP,0.0,1821.0,1824.0,1826.0,1822.0,0.0,0.0,0.0,"[1821, 1824, 1826, 1822]"
202.0,CYLINDRICAL_SURFACE,0.0,1765.0,1.0,0.0,0.0,0.0,0.0,0.0,[1765]
203.0,EDGE_LOOP,0.0,1464.0,2.4999999999999987,0.0,0.0,0.0,0.0,0.0,[1464]
204.0,FACE_OUTER_BOUND,0.0,1840.0,1.0,0.0,0.0,0.0,0.0,0.0,[1840]
205.0,CYLINDRICAL_SURFACE,0.0,1457.0,4.9999999999999964,0.0,0.0,0.0,0.0,0.0,[1457]
206.0,FACE_OUTER_BOUND,0.0,241.0,1.0,0.0,0.0,0.0,0.0,0.0,[241]
207.0,CYLINDRICAL_SURFACE,0.0,1837.0,1.0,0.0,0.0,0.0,0.0,0.0,[1837]
208.0,FACE_BOUND,0.0,219.0,1.0,0.0,0.0,0.0,0.0,0.0,[219]
209.0,FACE_OUTER_BOUND,0.0,1687.0,1760.0,1718.0,1745.0,0.0,0.0,0.0,"[1687, 1760, 1718, 1745]"
210.0,FACE_BOUND,0.0,1798.0,1801.0,1796.0,1799.0,0.0,0.0,0.0,"[1798, 1801, 1796, 1799]"
211.0,EDGE_LOOP,0.0,1454.0,17.500000000000004,0.7853981633974536,0.0,0.0,0.0,0.0,[1454]
212.0,EDGE_LOOP,0.0,1455.0,25.0,0.0,0.0,0.0,0.0,0.0,[1455]
213.0,CONICAL_SURFACE,0.0,1440.0,17.500000000000004,0.7853981633974536,0.0,0.0,0.0,0.0,[1440]
214.0,CYLINDRICAL_SURFACE,0.0,131.0,1.0,0.0,0.0,0.0,0.0,0.0,[131]
215.0,CONICAL_SURFACE,0.0,138.0,1.0,0.0,0.0,0.0,0.0,0.0,[138]
216.0,FACE_OUTER_BOUND,0.0,56.0,1.0,0.0,0.0,0.0,0.0,0.0,[56]
217.0,FACE_OUTER_BOUND,0.0,2015.0,2018.0,2019.0,2020.0,0.0,0.0,0.0,"[2015, 2018, 2019, 2020]"
218.0,FACE_OUTER_BOUND,0.0,1817.0,1819.0,0.0,0.0,0.0,0.0,0.0,"[1817, 1819]"
219.0,EDGE_LOOP,0.0,1904.0,1970.0,0.0,0.0,0.0,0.0,0.0,"[1904, 1970]"
220.0,EDGE_LOOP,0.0,1596.0,4.999999999999994,0.0,0.0,0.0,0.0,0.0,[1596]
221.0,EDGE_LOOP,0.0,1764.0,1.0,0.0,0.0,0.0,0.0,0.0,[1764]
222.0,CYLINDRICAL_SURFACE,0.0,140.0,1.0,0.0,0.0,0.0,0.0,0.0,[140]
223.0,FACE_OUTER_BOUND,0.0,1461.0,2.749999999999992,0.0,0.0,0.0,0.0,0.0,[1461]
224.0,FACE_OUTER_BOUND,0.0,1444.0,17.500000000000004,0.0,0.0,0.0,0.0,0.0,[1444]
225.0,CYLINDRICAL_SURFACE,0.0,1248.0,1000.0,0.0,0.0,0.0,0.0,0.0,[1248]
226.0,CYLINDRICAL_SURFACE,0.0,1710.0,1.0,0.0,0.0,0.0,0.0,0.0,[1710]
227.0,VECTOR,0.0,1998.0,2002.0,1867.0,2000.0,1866.0,0.0,0.0,"[1998, 2002, 1867, 2000, 1866]"
228.0,FACE_OUTER_BOUND,0.0,1978.0,1980.0,1979.0,1985.0,0.0,0.0,0.0,"[1978, 1980, 1979, 1985]"
229.0,EDGE_LOOP,0.0,1402.0,17.500000000000004,0.0,0.0,0.0,0.0,0.0,[1402]
230.0,EDGE_LOOP,0.0,1836.0,1.0,0.0,0.0,0.0,0.0,0.0,[1836]
231.0,CIRCLE,0.0,1775.0,1774.0,1776.0,1773.0,0.0,0.0,0.0,"[1775, 1774, 1776, 1773]"
232.0,FACE_OUTER_BOUND,0.0,1997.0,1868.0,1897.0,0.0,0.0,0.0,0.0,"[1997, 1868, 1897]"
233.0,EDGE_LOOP,0.0,1955.0,1958.0,1853.0,1962.0,0.0,0.0,0.0,"[1955, 1958, 1853, 1962]"
234.0,EDGE_LOOP,0.0,1876.0,1877.0,1878.0,1879.0,0.0,0.0,0.0,"[1876, 1877, 1878, 1879]"
235.0,EDGE_LOOP,0.0,1182.0,1000.0,0.0,0.0,0.0,0.0,0.0,[1182]
236.0,EDGE_LOOP,0.0,1282.0,91.0,0.0,0.0,0.0,0.0,0.0,"[1282, 91]"
237.0,VECTOR,0.0,1641.0,2.749999999999996,0.0,0.0,0.0,0.0,0.0,[1641]
238.0,LINE,0.0,1984.0,1981.0,0.0,0.0,0.0,0.0,0.0,"[1984, 1981]"
239.0,CYLINDRICAL_SURFACE,0.0,1766.0,1.0,0.0,0.0,0.0,0.0,0.0,[1766]
240.0,EDGE_LOOP,0.0,1841.0,1.0,0.0,0.0,0.0,0.0,0.0,[1841]
241.0,FACE_OUTER_BOUND,0.0,1683.0,1864.0,0.0,0.0,0.0,0.0,0.0,"[1683, 1864]"
242.0,FACE_OUTER_BOUND,0.0,58.0,1.0,0.0,0.0,0.0,0.0,0.0,[58]
243.0,EDGE_LOOP,0.0,1400.0,2.7499999999999885,0.0,0.0,0.0,0.0,0.0,[1400]
244.0,FACE_OUTER_BOUND,0.0,2005.0,2003.0,2006.0,2001.0,2004.0,0.0,0.0,"[2005, 2003, 2006, 2001, 2004]"
245.0,CIRCLE,0.0,1768.0,1.0,0.0,0.0,0.0,0.0,0.0,[1768]
246.0,EDGE_LOOP,0.0,1835.0,1.0,0.0,0.0,0.0,0.0,0.0,[1835]
247.0,FACE_OUTER_BOUND,0.0,793.0,249.0,0.0,0.0,0.0,0.0,0.0,"[793, 249]"
248.0,FACE_OUTER_BOUND,0.0,796.0,11.0,0.0,0.0,0.0,0.0,0.0,"[796, 11]"
249.0,LINE,0.0,795.0,1000.0,0.0,0.0,0.0,0.0,0.0,[795]
250.0,LINE,0.0,794.0,69.0,0.0,0.0,0.0,0.0,0.0,"[794, 69]"
251.0,VECTOR,0.0,209.0,1.0,0.0,0.0,0.0,0.0,0.0,[209]
252.0,LINE,0.0,1833.0,1.0,0.0,0.0,0.0,0.0,0.0,[1833]
253.0,FACE_OUTER_BOUND,0.0,1236.0,1000.0,0.0,0.0,0.0,0.0,0.0,[1236]
254.0,FACE_BOUND,0.0,2013.0,1829.0,0.0,0.0,0.0,0.0,0.0,"[2013, 1829]"
255.0,VECTOR,0.0,1177.0,22.0,0.0,0.0,0.0,0.0,0.0,"[1177, 22]"
256.0,EDGE_LOOP,0.0,1849.0,1.0,0.0,0.0,0.0,0.0,0.0,[1849]
257.0,LINE,0.0,1313.0,160.0,0.0,0.0,0.0,0.0,0.0,"[1313, 160]"
258.0,FACE_OUTER_BOUND,0.0,1249.0,225.0,0.0,0.0,0.0,0.0,0.0,"[1249, 225]"
259.0,LINE,0.0,1244.0,1000.0,0.0,0.0,0.0,0.0,0.0,[1244]
260.0,LINE,0.0,1397.0,2.749999999999992,0.0,0.0,0.0,0.0,0.0,[1397]
261.0,VECTOR,0.0,1808.0,1804.0,0.0,0.0,0.0,0.0,0.0,"[1808, 1804]"
262.0,CIRCLE,0.0,1802.0,1805.0,1800.0,1803.0,0.0,0.0,0.0,"[1802, 1805, 1800, 1803]"
263.0,EDGE_LOOP,0.0,1843.0,1.0,0.0,0.0,0.0,0.0,0.0,[1843]
264.0,EDGE_LOOP,0.0,989.0,275.0,0.0,0.0,0.0,0.0,0.0,"[989, 275]"
265.0,FACE_OUTER_BOUND,0.0,1733.0,1860.0,1684.0,1753.0,0.0,0.0,0.0,"[1733, 1860, 1684, 1753]"
266.0,LINE,0.0,120.0,1.0,0.0,0.0,0.0,0.0,0.0,[120]
269.0,EDGE_LOOP,0.0,1022.0,1339.0,0.0,0.0,0.0,0.0,0.0,"[1022, 1339]"
270.0,FACE_OUTER_BOUND,0.0,1004.0,278.0,0.0,0.0,0.0,0.0,0.0,"[1004, 278]"
271.0,CARTESIAN_POINT,0.0,1003.0,1000.0,0.0,0.0,0.0,0.0,0.0,[1003]
272.0,CARTESIAN_POINT,0.0,995.0,1000.0,0.0,0.0,0.0,0.0,0.0,[995]
273.0,LINE,0.0,1390.0,2.500000000000002,0.0,0.0,0.0,0.0,0.0,[1390]
274.0,LINE,0.0,978.0,272.0,0.0,0.0,0.0,0.0,0.0,"[978, 272]"
275.0,VECTOR,0.0,990.0,1000.0,0.0,0.0,0.0,0.0,0.0,[990]
276.0,VECTOR,0.0,1396.0,2.4999999999999987,0.0,0.0,0.0,0.0,0.0,[1396]
277.0,CIRCLE,0.0,1389.0,2.749999999999992,0.0,0.0,0.0,0.0,0.0,[1389]
278.0,LINE,0.0,1005.0,1000.0,0.0,0.0,0.0,0.0,0.0,[1005]
279.0,VECTOR,0.0,151.0,0.0,0.0,0.0,0.0,0.0,0.0,[151]
280.0,CIRCLE,0.0,3.0,0.0,1261.0,1260.0,1254.0,0.0,0.0,"[\n, 1258, 1261, 1260, 1254]"
281.0,CIRCLE,0.0,3.0,0.0,1294.0,1293.0,1292.0,0.0,0.0,"[\n, 1298, 1294, 1293, 1292]"
282.0,VECTOR,0.0,279.0,1366.0,872.0,0.0,0.0,0.0,0.0,"[279, 1366, 872]"
283.0,MANIFOLD_SOLID_BREP,0.0,1138.0,0.0,0.0,0.0,0.0,0.0,0.0,[1138]
284.0,B_SPLINE_CURVE_WITH_KNOTS,0.0,3.0,0.0,980.0,981.0,982.0,0.0,0.0,"[\n, 975, 980, 981, 982]"
285.0,B_SPLINE_CURVE_WITH_KNOTS,0.0,3.0,0.0,1274.0,1273.0,1272.0,0.0,0.0,"[\n, 1277, 1274, 1273, 1272]"
286.0,ADVANCED_BREP_SHAPE_REPRESENTATION,0.0,263.0,1714.0,0.0,0.0,0.0,0.0,0.0,"[263, 1714]"
287.0,UNCERTAINTY_MEASURE_WITH_UNIT,0.0,149.0,200.0,0.0,0.0,0.0,0.0,0.0,"[149, 200]"
288.0,B_SPLINE_CURVE_WITH_KNOTS,0.0,97.0,198.0,0.0,0.0,0.0,0.0,0.0,"[97, 198]"
289.0,B_SPLINE_CURVE_WITH_KNOTS,0.0,245.0,195.0,0.0,0.0,0.0,0.0,0.0,"[245, 195]"
290.0,ADVANCED_FACE,0.0,146.0,203.0,0.0,0.0,0.0,0.0,0.0,"[146, 203]"
291.0,ADVANCED_FACE,0.0,137.0,156.0,0.0,0.0,0.0,0.0,0.0,"[137, 156]"
292.0,ADVANCED_FACE,0.0,239.0,190.0,0.0,0.0,0.0,0.0,0.0,"[239, 190]"
293.0,ADVANCED_FACE,0.0,202.0,139.0,0.0,0.0,0.0,0.0,0.0,"[202, 139]"
294.0,ADVANCED_FACE,0.0,204.0,152.0,0.0,0.0,0.0,0.0,0.0,"[204, 152]"
295.0,ADVANCED_FACE,0.0,192.0,18.0,0.0,0.0,0.0,0.0,0.0,"[192, 18]"
296.0,ADVANCED_FACE,0.0,240.0,237.0,0.0,0.0,0.0,0.0,0.0,"[240, 237]"
297.0,ADVANCED_FACE,0.0,246.0,223.0,0.0,0.0,0.0,0.0,0.0,"[246, 223]"
298.0,ADVANCED_FACE,0.0,126.0,211.0,0.0,0.0,0.0,0.0,0.0,"[126, 211]"
299.0,ADVANCED_FACE,0.0,163.0,487.0,0.0,0.0,0.0,0.0,0.0,"[163, 487]"
300.0,ADVANCED_FACE,0.0,266.0,205.0,0.0,0.0,0.0,0.0,0.0,"[266, 205]"
301.0,ADVANCED_FACE,0.0,251.0,220.0,0.0,0.0,0.0,0.0,0.0,"[251, 220]"
302.0,ADVANCED_FACE,0.0,206.0,134.0,135.0,515.0,0.0,0.0,0.0,"[206, 134, 135, 515]"
303.0,ADVANCED_FACE,0.0,214.0,509.0,0.0,0.0,0.0,0.0,0.0,"[214, 509]"
304.0,ADVANCED_FACE,0.0,57.0,519.0,0.0,0.0,0.0,0.0,0.0,"[57, 519]"
305.0,ADVANCED_FACE,0.0,133.0,523.0,1.0,0.0,0.0,0.0,0.0,"[133, 523]"
306.0,ADVANCED_FACE,0.0,36.0,527.0,0.0,0.0,0.0,0.0,0.0,"[36, 527]"
307.0,ADVANCED_FACE,0.0,132.0,531.0,0.0,0.0,0.0,0.0,0.0,"[132, 531]"
308.0,ADVANCED_FACE,0.0,242.0,535.0,0.0,0.0,0.0,0.0,0.0,"[242, 535]"
309.0,ADVANCED_FACE,0.0,221.0,539.0,0.0,0.0,0.0,0.0,0.0,"[221, 539]"
310.0,ADVANCED_FACE,0.0,40.0,224.0,0.0,0.0,0.0,0.0,0.0,"[40, 224]"
311.0,ADVANCED_FACE,0.0,256.0,55.0,0.0,0.0,0.0,0.0,0.0,"[256, 55]"
312.0,ADVANCED_FACE,0.0,226.0,213.0,0.0,0.0,0.0,0.0,0.0,"[226, 213]"
313.0,ADVANCED_FACE,0.0,252.0,208.0,216.0,556.0,0.0,0.0,0.0,"[252, 208, 216, 556]"
314.0,ADVANCED_FACE,0.0,230.0,212.0,1.0,0.0,0.0,0.0,0.0,"[230, 212]"
315.0,ADVANCED_FACE,0.0,207.0,561.0,0.0,0.0,0.0,0.0,0.0,"[207, 561]"
316.0,ADVANCED_FACE,0.0,127.0,122.0,560.0,0.0,0.0,0.0,0.0,"[127, 122, 560]"
317.0,ADVANCED_FACE,0.0,215.0,51.0,0.0,0.0,0.0,0.0,0.0,"[215, 51]"
318.0,ADVANCED_FACE,0.0,38.0,123.0,573.0,0.0,0.0,0.0,0.0,"[38, 123, 573]"
319.0,ADVANCED_FACE,0.0,39.0,33.0,0.0,0.0,0.0,0.0,0.0,"[39, 33]"
320.0,ADVANCED_FACE,0.0,94.0,579.0,0.0,0.0,0.0,0.0,0.0,"[94, 579]"
321.0,ADVANCED_FACE,0.0,222.0,581.0,0.0,0.0,0.0,0.0,0.0,"[222, 581]"
322.0,ADVANCED_FACE,0.0,54.0,585.0,0.0,0.0,0.0,0.0,0.0,"[54, 585]"
323.0,ADVANCED_FACE,0.0,37.0,589.0,0.0,0.0,0.0,0.0,0.0,"[37, 589]"
324.0,ADVANCED_FACE,0.0,96.0,46.0,0.0,0.0,0.0,0.0,0.0,"[96, 46]"
325.0,ADVANCED_FACE,0.0,32.0,111.0,0.0,0.0,0.0,0.0,0.0,"[32, 111]"
326.0,ADVANCED_FACE,0.0,53.0,109.0,602.0,0.0,0.0,0.0,0.0,"[53, 109, 602]"
327.0,ADVANCED_FACE,0.0,93.0,34.0,0.0,0.0,0.0,0.0,0.0,"[93, 34]"
328.0,ADVANCED_FACE,0.0,49.0,116.0,0.0,0.0,0.0,0.0,0.0,"[49, 116]"
329.0,ADVANCED_FACE,0.0,52.0,35.0,0.0,0.0,0.0,0.0,0.0,"[52, 35]"
330.0,ADVANCED_FACE,0.0,47.0,44.0,615.0,0.0,0.0,0.0,0.0,"[47, 44, 615]"
331.0,ADVANCED_FACE,0.0,48.0,42.0,0.0,0.0,0.0,0.0,0.0,"[48, 42]"
332.0,ADVANCED_FACE,0.0,45.0,43.0,89.0,623.0,0.0,0.0,0.0,"[45, 43, 89, 623]"
333.0,ADVANCED_FACE,0.0,106.0,619.0,0.0,0.0,0.0,0.0,0.0,"[106, 619]"
334.0,ADVANCED_FACE,0.0,50.0,627.0,0.0,0.0,0.0,0.0,0.0,"[50, 627]"
335.0,ADVANCED_FACE,0.0,124.0,29.0,88.0,635.0,1.0,0.0,0.0,"[124, 29, 88, 635]"
336.0,ADVANCED_FACE,0.0,87.0,128.0,0.0,0.0,0.0,0.0,0.0,"[87, 128]"
337.0,ADVANCED_FACE,0.0,86.0,85.0,641.0,0.0,0.0,0.0,0.0,"[86, 85, 641]"
338.0,ADVANCED_FACE,0.0,30.0,82.0,0.0,0.0,0.0,0.0,0.0,"[30, 82]"
339.0,ADVANCED_FACE,0.0,84.0,23.0,0.0,0.0,0.0,0.0,0.0,"[84, 23]"
340.0,ADVANCED_FACE,0.0,113.0,80.0,651.0,0.0,0.0,0.0,0.0,"[113, 80, 651]"
341.0,ADVANCED_FACE,0.0,31.0,144.0,0.0,0.0,0.0,0.0,0.0,"[31, 144]"
342.0,ADVANCED_FACE,0.0,26.0,657.0,1.0,0.0,0.0,0.0,0.0,"[26, 657]"
343.0,ADVANCED_FACE,0.0,81.0,659.0,0.0,0.0,0.0,0.0,0.0,"[81, 659]"
344.0,ADVANCED_FACE,0.0,24.0,663.0,0.0,0.0,0.0,0.0,0.0,"[24, 663]"
345.0,ADVANCED_FACE,0.0,83.0,667.0,0.0,0.0,0.0,0.0,0.0,"[83, 667]"
346.0,ADVANCED_FACE,0.0,25.0,671.0,0.0,0.0,0.0,0.0,0.0,"[25, 671]"
347.0,ADVANCED_FACE,0.0,142.0,675.0,0.0,0.0,0.0,0.0,0.0,"[142, 675]"
348.0,ADVANCED_FACE,0.0,147.0,679.0,0.0,0.0,0.0,0.0,0.0,"[147, 679]"
356.0,ADVANCED_FACE,0.0,678.0,0.0,0.0,0.0,0.0,0.0,0.0,[678]
369.0,ADVANCED_FACE,0.0,683.0,0.0,0.0,0.0,0.0,0.0,0.0,[683]
370.0,ADVANCED_FACE,0.0,687.0,0.0,0.0,0.0,0.0,0.0,0.0,[687]
371.0,ADVANCED_FACE,0.0,682.0,0.0,0.0,0.0,0.0,0.0,0.0,[682]
372.0,CARTESIAN_POINT,0.0,688.0,0.0,0.0,0.0,0.0,0.0,0.0,[688]
373.0,DIRECTION,0.0,689.0,0.0,0.0,0.0,0.0,0.0,0.0,[689]
374.0,DIRECTION,0.0,690.0,0.0,0.0,0.0,0.0,0.0,0.0,[690]
375.0,DIRECTION,0.0,691.0,0.0,0.0,0.0,0.0,0.0,0.0,[691]
376.0,CARTESIAN_POINT,0.0,686.0,0.0,0.0,0.0,0.0,0.0,0.0,[686]
377.0,DIRECTION,0.0,692.0,0.0,0.0,0.0,0.0,0.0,0.0,[692]
378.0,CARTESIAN_POINT,0.0,693.0,0.0,0.0,0.0,0.0,0.0,0.0,[693]
379.0,VERTEX_POINT,0.0,694.0,0.0,0.0,0.0,0.0,0.0,0.0,[694]
380.0,DIRECTION,0.0,695.0,0.0,0.0,0.0,0.0,0.0,0.0,[695]
381.0,DIRECTION,0.0,696.0,0.0,0.0,0.0,0.0,0.0,0.0,[696]
383.0,CARTESIAN_POINT,0.0,697.0,0.0,0.0,0.0,0.0,0.0,0.0,[697]
384.0,DIRECTION,0.0,698.0,0.0,0.0,0.0,0.0,0.0,0.0,[698]
385.0,DIRECTION,0.0,699.0,0.0,0.0,0.0,0.0,0.0,0.0,[699]
386.0,CARTESIAN_POINT,0.0,700.0,0.0,0.0,0.0,0.0,0.0,0.0,[700]
387.0,DIRECTION,0.0,701.0,0.0,0.0,0.0,0.0,0.0,0.0,[701]
388.0,DIRECTION,0.0,702.0,0.0,0.0,0.0,0.0,0.0,0.0,[702]
389.0,DIRECTION,0.0,703.0,0.0,0.0,0.0,0.0,0.0,0.0,[703]
390.0,DIRECTION,0.0,704.0,0.0,0.0,0.0,0.0,0.0,0.0,[704]
391.0,DIRECTION,0.0,705.0,0.0,0.0,0.0,0.0,0.0,0.0,[705]
392.0,CARTESIAN_POINT,0.0,706.0,0.0,0.0,0.0,0.0,0.0,0.0,[706]
393.0,VERTEX_POINT,0.0,707.0,0.0,0.0,0.0,0.0,0.0,0.0,[707]
394.0,VERTEX_POINT,0.0,708.0,0.0,0.0,0.0,0.0,0.0,0.0,[708]
395.0,VERTEX_POINT,0.0,709.0,0.0,0.0,0.0,0.0,0.0,0.0,[709]
396.0,VERTEX_POINT,0.0,710.0,0.0,0.0,0.0,0.0,0.0,0.0,[710]
397.0,VERTEX_POINT,0.0,711.0,0.0,0.0,0.0,0.0,0.0,0.0,[711]
398.0,VERTEX_POINT,0.0,712.0,0.0,0.0,0.0,0.0,0.0,0.0,[712]
399.0,VERTEX_POINT,0.0,713.0,0.0,0.0,0.0,0.0,0.0,0.0,[713]
400.0,VERTEX_POINT,0.0,714.0,0.0,0.0,0.0,0.0,0.0,0.0,[714]
401.0,VERTEX_POINT,0.0,715.0,0.0,0.0,0.0,0.0,0.0,0.0,[715]
402.0,VERTEX_POINT,0.0,716.0,0.0,0.0,0.0,0.0,0.0,0.0,[716]
403.0,VERTEX_POINT,0.0,717.0,0.0,0.0,0.0,0.0,0.0,0.0,[717]
404.0,VERTEX_POINT,0.0,718.0,0.0,0.0,0.0,0.0,0.0,0.0,[718]
405.0,VERTEX_POINT,0.0,719.0,0.0,0.0,0.0,0.0,0.0,0.0,[719]
406.0,CARTESIAN_POINT,0.0,720.0,0.0,0.0,0.0,0.0,0.0,0.0,[720]
407.0,VERTEX_POINT,0.0,721.0,0.0,0.0,0.0,0.0,0.0,0.0,[721]
408.0,VERTEX_POINT,0.0,722.0,0.0,0.0,0.0,0.0,0.0,0.0,[722]
409.0,VERTEX_POINT,0.0,723.0,0.0,0.0,0.0,0.0,0.0,0.0,[723]
410.0,VERTEX_POINT,0.0,724.0,0.0,0.0,0.0,0.0,0.0,0.0,[724]
411.0,VERTEX_POINT,0.0,725.0,0.0,0.0,0.0,0.0,0.0,0.0,[725]
412.0,VERTEX_POINT,0.0,726.0,0.0,0.0,0.0,0.0,0.0,0.0,[726]
413.0,VERTEX_POINT,0.0,727.0,0.0,0.0,0.0,0.0,0.0,0.0,[727]
414.0,VERTEX_POINT,0.0,728.0,0.0,0.0,0.0,0.0,0.0,0.0,[728]
415.0,VERTEX_POINT,0.0,729.0,0.0,0.0,0.0,0.0,0.0,0.0,[729]
416.0,VERTEX_POINT,0.0,730.0,0.0,0.0,0.0,0.0,0.0,0.0,[730]
417.0,VERTEX_POINT,0.0,731.0,0.0,0.0,0.0,0.0,0.0,0.0,[731]
418.0,VERTEX_POINT,0.0,732.0,0.0,0.0,0.0,0.0,0.0,0.0,[732]
419.0,VERTEX_POINT,0.0,733.0,0.0,0.0,0.0,0.0,0.0,0.0,[733]
420.0,VERTEX_POINT,0.0,734.0,0.0,0.0,0.0,0.0,0.0,0.0,[734]
421.0,VERTEX_POINT,0.0,735.0,0.0,0.0,0.0,0.0,0.0,0.0,[735]
422.0,VERTEX_POINT,0.0,736.0,0.0,0.0,0.0,0.0,0.0,0.0,[736]
423.0,VERTEX_POINT,0.0,737.0,0.0,0.0,0.0,0.0,0.0,0.0,[737]
424.0,VERTEX_POINT,0.0,738.0,0.0,0.0,0.0,0.0,0.0,0.0,[738]
425.0,VERTEX_POINT,0.0,739.0,0.0,0.0,0.0,0.0,0.0,0.0,[739]
426.0,VERTEX_POINT,0.0,740.0,0.0,0.0,0.0,0.0,0.0,0.0,[740]
427.0,VERTEX_POINT,0.0,741.0,0.0,0.0,0.0,0.0,0.0,0.0,[741]
428.0,VERTEX_POINT,0.0,742.0,0.0,0.0,0.0,0.0,0.0,0.0,[742]
429.0,VERTEX_POINT,0.0,743.0,0.0,0.0,0.0,0.0,0.0,0.0,[743]
430.0,VERTEX_POINT,0.0,744.0,0.0,0.0,0.0,0.0,0.0,0.0,[744]
431.0,VERTEX_POINT,0.0,745.0,0.0,0.0,0.0,0.0,0.0,0.0,[745]
432.0,VERTEX_POINT,0.0,746.0,0.0,0.0,0.0,0.0,0.0,0.0,[746]
433.0,VERTEX_POINT,0.0,747.0,0.0,0.0,0.0,0.0,0.0,0.0,[747]
434.0,VERTEX_POINT,0.0,748.0,0.0,0.0,0.0,0.0,0.0,0.0,[748]
435.0,VERTEX_POINT,0.0,749.0,0.0,0.0,0.0,0.0,0.0,0.0,[749]
436.0,VERTEX_POINT,0.0,750.0,0.0,0.0,0.0,0.0,0.0,0.0,[750]
437.0,VERTEX_POINT,0.0,751.0,0.0,0.0,0.0,0.0,0.0,0.0,[751]
438.0,VERTEX_POINT,0.0,752.0,0.0,0.0,0.0,0.0,0.0,0.0,[752]
439.0,VERTEX_POINT,0.0,753.0,0.0,0.0,0.0,0.0,0.0,0.0,[753]
440.0,VERTEX_POINT,0.0,754.0,0.0,0.0,0.0,0.0,0.0,0.0,[754]
441.0,VERTEX_POINT,0.0,755.0,0.0,0.0,0.0,0.0,0.0,0.0,[755]
442.0,VERTEX_POINT,0.0,756.0,0.0,0.0,0.0,0.0,0.0,0.0,[756]
443.0,VERTEX_POINT,0.0,757.0,0.0,0.0,0.0,0.0,0.0,0.0,[757]
444.0,VERTEX_POINT,0.0,758.0,0.0,0.0,0.0,0.0,0.0,0.0,[758]
445.0,VERTEX_POINT,0.0,759.0,0.0,0.0,0.0,0.0,0.0,0.0,[759]
446.0,VERTEX_POINT,0.0,760.0,0.0,0.0,0.0,0.0,0.0,0.0,[760]
447.0,VERTEX_POINT,0.0,761.0,0.0,0.0,0.0,0.0,0.0,0.0,[761]
448.0,VERTEX_POINT,0.0,762.0,0.0,0.0,0.0,0.0,0.0,0.0,[762]
449.0,VERTEX_POINT,0.0,763.0,0.0,0.0,0.0,0.0,0.0,0.0,[763]
450.0,VERTEX_POINT,0.0,764.0,0.0,0.0,0.0,0.0,0.0,0.0,[764]
451.0,VERTEX_POINT,0.0,765.0,0.0,0.0,0.0,0.0,0.0,0.0,[765]
452.0,VERTEX_POINT,0.0,766.0,0.0,0.0,0.0,0.0,0.0,0.0,[766]
453.0,VERTEX_POINT,0.0,767.0,0.0,0.0,0.0,0.0,0.0,0.0,[767]
454.0,VERTEX_POINT,0.0,768.0,0.0,0.0,0.0,0.0,0.0,0.0,[768]
455.0,VERTEX_POINT,0.0,769.0,0.0,0.0,0.0,0.0,0.0,0.0,[769]
456.0,VERTEX_POINT,0.0,770.0,0.0,0.0,0.0,0.0,0.0,0.0,[770]
457.0,VERTEX_POINT,0.0,771.0,0.0,0.0,0.0,0.0,0.0,0.0,[771]
458.0,VERTEX_POINT,0.0,772.0,0.0,0.0,0.0,0.0,0.0,0.0,[772]
459.0,VERTEX_POINT,0.0,773.0,0.0,0.0,0.0,0.0,0.0,0.0,[773]
460.0,VERTEX_POINT,0.0,774.0,0.0,0.0,0.0,0.0,0.0,0.0,[774]
461.0,VERTEX_POINT,0.0,775.0,0.0,0.0,0.0,0.0,0.0,0.0,[775]
462.0,VERTEX_POINT,0.0,776.0,0.0,0.0,0.0,0.0,0.0,0.0,[776]
463.0,VERTEX_POINT,0.0,777.0,0.0,0.0,0.0,0.0,0.0,0.0,[777]
464.0,VERTEX_POINT,0.0,778.0,0.0,0.0,0.0,0.0,0.0,0.0,[778]
465.0,VERTEX_POINT,0.0,779.0,0.0,0.0,0.0,0.0,0.0,0.0,[779]
466.0,VERTEX_POINT,0.0,780.0,0.0,0.0,0.0,0.0,0.0,0.0,[780]
467.0,VERTEX_POINT,0.0,781.0,0.0,0.0,0.0,0.0,0.0,0.0,[781]
468.0,VERTEX_POINT,0.0,782.0,0.0,0.0,0.0,0.0,0.0,0.0,[782]
472.0,VERTEX_POINT,0.0,783.0,0.0,0.0,0.0,0.0,0.0,0.0,[783]
477.0,VERTEX_POINT,0.0,784.0,0.0,0.0,0.0,0.0,0.0,0.0,[784]
478.0,VERTEX_POINT,0.0,785.0,0.0,0.0,0.0,0.0,0.0,0.0,[785]
479.0,VERTEX_POINT,0.0,786.0,0.0,0.0,0.0,0.0,0.0,0.0,[786]
480.0,VERTEX_POINT,0.0,787.0,0.0,0.0,0.0,0.0,0.0,0.0,[787]
481.0,VERTEX_POINT,0.0,788.0,0.0,0.0,0.0,0.0,0.0,0.0,[788]
482.0,VERTEX_POINT,0.0,789.0,0.0,0.0,0.0,0.0,0.0,0.0,[789]
483.0,VERTEX_POINT,0.0,790.0,0.0,0.0,0.0,0.0,0.0,0.0,[790]
487.0,VERTEX_POINT,0.0,1640.0,0.0,0.0,0.0,0.0,0.0,0.0,[1640]
509.0,VERTEX_POINT,0.0,1452.0,0.0,0.0,0.0,0.0,0.0,0.0,[1452]
515.0,VERTEX_POINT,0.0,1453.0,0.0,0.0,0.0,0.0,0.0,0.0,[1453]
519.0,VERTEX_POINT,0.0,1450.0,0.0,0.0,0.0,0.0,0.0,0.0,[1450]
523.0,VERTEX_POINT,0.0,1451.0,0.0,0.0,0.0,0.0,0.0,0.0,[1451]
527.0,VERTEX_POINT,0.0,1448.0,0.0,0.0,0.0,0.0,0.0,0.0,[1448]
531.0,VERTEX_POINT,0.0,1449.0,0.0,0.0,0.0,0.0,0.0,0.0,[1449]
535.0,VERTEX_POINT,0.0,1446.0,0.0,0.0,0.0,0.0,0.0,0.0,[1446]
539.0,VERTEX_POINT,0.0,1447.0,0.0,0.0,0.0,0.0,0.0,0.0,[1447]
556.0,VERTEX_POINT,0.0,1442.0,0.0,0.0,0.0,0.0,0.0,0.0,[1442]
560.0,VERTEX_POINT,0.0,1438.0,0.0,0.0,0.0,0.0,0.0,0.0,[1438]
561.0,VERTEX_POINT,0.0,1441.0,0.0,0.0,0.0,0.0,0.0,0.0,[1441]
573.0,VERTEX_POINT,0.0,1436.0,0.0,0.0,0.0,0.0,0.0,0.0,[1436]
579.0,VERTEX_POINT,0.0,1434.0,0.0,0.0,0.0,0.0,0.0,0.0,[1434]
581.0,VERTEX_POINT,0.0,1435.0,0.0,0.0,0.0,0.0,0.0,0.0,[1435]
585.0,VERTEX_POINT,0.0,1432.0,0.0,0.0,0.0,0.0,0.0,0.0,[1432]
589.0,CARTESIAN_POINT,0.0,1433.0,0.0,0.0,0.0,0.0,0.0,0.0,[1433]
602.0,DIRECTION,0.0,1458.0,0.0,0.0,0.0,0.0,0.0,0.0,[1458]
615.0,DIRECTION,0.0,1460.0,0.0,0.0,0.0,0.0,0.0,0.0,[1460]
619.0,VERTEX_POINT,0.0,1345.0,0.0,0.0,0.0,0.0,0.0,0.0,[1345]
623.0,DIRECTION,0.0,1425.0,0.0,0.0,0.0,0.0,0.0,0.0,[1425]
627.0,DIRECTION,0.0,1424.0,0.0,0.0,0.0,0.0,0.0,0.0,[1424]
635.0,DIRECTION,0.0,1422.0,0.0,0.0,0.0,0.0,0.0,0.0,[1422]
641.0,DIRECTION,0.0,1421.0,0.0,0.0,0.0,0.0,0.0,0.0,[1421]
651.0,VERTEX_POINT,0.0,1418.0,0.0,0.0,0.0,0.0,0.0,0.0,[1418]
657.0,VERTEX_POINT,0.0,1417.0,0.0,0.0,0.0,0.0,0.0,0.0,[1417]
659.0,VERTEX_POINT,0.0,1415.0,0.0,0.0,0.0,0.0,0.0,0.0,[1415]
663.0,VERTEX_POINT,0.0,1414.0,0.0,0.0,0.0,0.0,0.0,0.0,[1414]
667.0,VERTEX_POINT,0.0,1413.0,0.0,0.0,0.0,0.0,0.0,0.0,[1413]
671.0,VERTEX_POINT,0.0,1411.0,0.0,0.0,0.0,0.0,0.0,0.0,[1411]
675.0,VERTEX_POINT,0.0,1412.0,0.0,0.0,0.0,0.0,0.0,0.0,[1412]
679.0,DIRECTION,0.0,1410.0,0.0,0.0,0.0,0.0,0.0,0.0,[1410]
807.0,DIRECTION,0.0,940.0,1000.0,0.0,0.0,0.0,0.0,0.0,[940]
808.0,DIRECTION,0.0,1212.0,813.0,0.0,0.0,0.0,0.0,0.0,"[1212, 813]"
809.0,PLANE,0.0,953.0,1652.0,0.0,0.0,0.0,0.0,0.0,"[953, 1652]"
810.0,CARTESIAN_POINT,0.0,1215.0,1000.0,0.0,0.0,0.0,0.0,0.0,[1215]
811.0,CARTESIAN_POINT,0.0,939.0,807.0,0.0,0.0,0.0,0.0,0.0,"[939, 807]"
812.0,DIRECTION,0.0,946.0,1000.0,0.0,0.0,0.0,0.0,0.0,[946]
813.0,CARTESIAN_POINT,0.0,1213.0,1000.0,0.0,0.0,0.0,0.0,0.0,[1213]
814.0,CARTESIAN_POINT,0.0,1214.0,1000.0,0.0,0.0,0.0,0.0,0.0,[1214]
815.0,DIRECTION,0.0,1173.0,1000.0,0.0,0.0,0.0,0.0,0.0,[1173]
816.0,DIRECTION,0.0,1165.0,823.0,0.0,0.0,0.0,0.0,0.0,"[1165, 823]"
817.0,CARTESIAN_POINT,0.0,1217.0,814.0,0.0,0.0,0.0,0.0,0.0,"[1217, 814]"
818.0,DIRECTION,0.0,945.0,812.0,0.0,0.0,0.0,0.0,0.0,"[945, 812]"
819.0,DIRECTION,0.0,1171.0,1000.0,0.0,0.0,0.0,0.0,0.0,[1171]
820.0,CARTESIAN_POINT,0.0,1170.0,819.0,0.0,0.0,0.0,0.0,0.0,"[1170, 819]"
821.0,DIRECTION,0.0,1216.0,1000.0,0.0,0.0,0.0,0.0,0.0,[1216]
822.0,DIRECTION,0.0,1169.0,810.0,0.0,0.0,0.0,0.0,0.0,"[1169, 810]"
823.0,CARTESIAN_POINT,0.0,936.0,1000.0,0.0,0.0,0.0,0.0,0.0,[936]
824.0,DIRECTION,0.0,1392.0,18.49999999999999,0.0,0.0,0.0,0.0,0.0,[1392]
825.0,CARTESIAN_POINT,0.0,937.0,829.0,0.0,0.0,0.0,0.0,0.0,"[937, 829]"
826.0,CARTESIAN_POINT,0.0,941.0,828.0,0.0,0.0,0.0,0.0,0.0,"[941, 828]"
827.0,DIRECTION,0.0,961.0,1673.0,0.0,0.0,0.0,0.0,0.0,"[961, 1673]"
828.0,DIRECTION,0.0,942.0,1000.0,0.0,0.0,0.0,0.0,0.0,[942]
829.0,DIRECTION,0.0,938.0,1000.0,0.0,0.0,0.0,0.0,0.0,[938]
830.0,DIRECTION,0.0,1200.0,933.0,0.0,0.0,0.0,0.0,0.0,"[1200, 933]"
831.0,PLANE,0.0,1107.0,1000.0,0.0,0.0,0.0,0.0,0.0,[1107]
832.0,DIRECTION,0.0,1371.0,3.2999999999999905,0.0,0.0,0.0,0.0,0.0,[1371]
833.0,CARTESIAN_POINT,0.0,1050.0,838.0,0.0,0.0,0.0,0.0,0.0,"[1050, 838]"
834.0,CARTESIAN_POINT,3.0,876.0,0.0,0.0,0.0,0.0,0.0,0.0,"[3, 876]"
835.0,CARTESIAN_POINT,869.0,1354.0,0.0,0.0,0.0,0.0,0.0,0.0,"[869, 1354]"
836.0,CARTESIAN_POINT,0.0,1098.0,1000.0,0.0,0.0,0.0,0.0,0.0,[1098]
837.0,PLANE,0.0,1369.0,5.499999999999991,0.0,0.0,0.0,0.0,0.0,[1369]
838.0,DIRECTION,0.0,1057.0,1000.0,0.0,0.0,0.0,0.0,0.0,[1057]
839.0,DIRECTION,0.0,1097.0,836.0,0.0,0.0,0.0,0.0,0.0,"[1097, 836]"
840.0,CARTESIAN_POINT,0.0,1032.0,1000.0,0.0,0.0,0.0,0.0,0.0,[1032]
841.0,PLANE,0.0,1385.0,2.0999999999999974,0.0,0.0,0.0,0.0,0.0,[1385]
843.0,DIRECTION,0.0,1368.0,2.500000000000002,0.0,0.0,0.0,0.0,0.0,[1368]
844.0,DIRECTION,0.0,1375.0,2.0999999999999974,0.0,0.0,0.0,0.0,0.0,[1375]
846.0,CARTESIAN_POINT,0.0,1030.0,1000.0,0.0,0.0,0.0,0.0,0.0,[1030]
847.0,PLANE,0.0,1116.0,887.0,0.0,0.0,0.0,0.0,0.0,"[1116, 887]"
848.0,DIRECTION,897.0,895.0,0.0,0.0,0.0,0.0,0.0,0.0,"[897, 895]"
850.0,DIRECTION,0.0,1112.0,859.0,0.0,0.0,0.0,0.0,0.0,"[1112, 859]"
851.0,CARTESIAN_POINT,873.0,1354.0,1157.0,0.0,0.0,0.0,0.0,0.0,"[873, 1354, 1157]"
852.0,PLANE,0.0,1384.0,3.3000000000000043,0.0,0.0,0.0,0.0,0.0,[1384]
853.0,DIRECTION,0.0,1382.0,5.499999999999998,0.0,0.0,0.0,0.0,0.0,[1382]
854.0,DIRECTION,0.0,1370.0,3.3000000000000043,0.0,0.0,0.0,0.0,0.0,[1370]
855.0,CARTESIAN_POINT,0.0,1095.0,928.0,0.0,0.0,0.0,0.0,0.0,"[1095, 928]"
856.0,PLANE,0.0,1086.0,914.0,0.0,0.0,0.0,0.0,0.0,"[1086, 914]"
857.0,DIRECTION,0.0,1083.0,919.0,0.0,0.0,0.0,0.0,0.0,"[1083, 919]"
858.0,DIRECTION,0.0,1115.0,1000.0,0.0,0.0,0.0,0.0,0.0,[1115]
859.0,CARTESIAN_POINT,0.0,1113.0,1000.0,0.0,0.0,0.0,0.0,0.0,[1113]
860.0,PLANE,0.0,1031.0,840.0,0.0,0.0,0.0,0.0,0.0,"[1031, 840]"
861.0,DIRECTION,0.0,1129.0,868.0,0.0,0.0,0.0,0.0,0.0,"[1129, 868]"
862.0,DIRECTION,0.0,1363.0,5.499999999999998,0.0,0.0,0.0,0.0,0.0,[1363]
863.0,DIRECTION,9.0,14.0,58.0,845.0,0.0,0.0,0.0,0.0,[845]
864.0,PLANE,0.0,1114.0,858.0,0.0,0.0,0.0,0.0,0.0,"[1114, 858]"
865.0,DIRECTION,899.0,1350.0,0.0,0.0,0.0,0.0,0.0,0.0,"[899, 1350]"
866.0,DIRECTION,0.0,1372.0,3.3000000000000043,0.0,0.0,0.0,0.0,0.0,[1372]
867.0,CARTESIAN_POINT,0.0,1102.0,1000.0,0.0,0.0,0.0,0.0,0.0,[1102]
868.0,DIRECTION,0.0,1130.0,1000.0,0.0,0.0,0.0,0.0,0.0,[1130]
869.0,DIRECTION,849.0,863.0,0.0,0.0,0.0,0.0,0.0,0.0,"[849, 863]"
871.0,DIRECTION,870.0,877.0,0.0,0.0,0.0,0.0,0.0,0.0,"[870, 877]"
872.0,DIRECTION,0.0,1142.0,0.0,0.0,0.0,0.0,0.0,0.0,"[GEOMETRIC_REPRESENTATION_CONTEXT3GLOBAL_UNCERTAINTY_ASSIGNED_CONTEXT, 283GLOBAL_UNIT_ASSIGNED_CONTEXT, 1138, 1142, ""1143REPRESENTATION_CONTEXTNONE""]"
873.0,DIRECTION,3.0,876.0,0.0,0.0,0.0,0.0,0.0,0.0,"[3, 876]"
874.0,DIRECTION,1220.0,282.0,0.0,0.0,0.0,0.0,0.0,0.0,"[1220, 282]"
875.0,CARTESIAN_POINT,3.0,876.0,0.0,0.0,0.0,0.0,0.0,0.0,"[3, 876]"
877.0,DIRECTION,9.0,14.0,58.0,842.0,0.0,0.0,0.0,0.0,[842]
878.0,DIRECTION,9.0,14.0,58.0,882.0,0.0,0.0,0.0,0.0,[882]
879.0,CARTESIAN_POINT,885.0,1359.0,1153.0,0.0,0.0,0.0,0.0,0.0,"[885, 1359, 1153]"
880.0,DIRECTION,3.0,876.0,0.0,0.0,0.0,0.0,0.0,0.0,"[3, 876]"
881.0,CARTESIAN_POINT,884.0,1359.0,0.0,0.0,0.0,0.0,0.0,0.0,"[884, 1359]"
884.0,CARTESIAN_POINT,883.0,878.0,0.0,0.0,0.0,0.0,0.0,0.0,"[883, 878]"
885.0,PLANE,3.0,876.0,0.0,0.0,0.0,0.0,0.0,0.0,"[3, 876]"
886.0,DIRECTION,0.0,1124.0,1000.0,0.0,0.0,0.0,0.0,0.0,[1124]
887.0,DIRECTION,0.0,1117.0,1000.0,0.0,0.0,0.0,0.0,0.0,[1117]
888.0,CARTESIAN_POINT,0.0,1123.0,886.0,0.0,0.0,0.0,0.0,0.0,"[1123, 886]"
889.0,PLANE,0.0,1019.0,846.0,0.0,0.0,0.0,0.0,0.0,"[1019, 846]"
890.0,PLANE,0.0,1383.0,5.499999999999998,0.0,0.0,0.0,0.0,0.0,[1383]
891.0,CARTESIAN_POINT,0.0,1380.0,3.2999999999999905,0.0,0.0,0.0,0.0,0.0,[1380]
892.0,CARTESIAN_POINT,0.0,1106.0,831.0,0.0,0.0,0.0,0.0,0.0,"[1106, 831]"
893.0,DIRECTION,3.0,876.0,0.0,0.0,0.0,0.0,0.0,0.0,"[3, 876]"
895.0,DIRECTION,9.0,14.0,58.0,894.0,0.0,0.0,0.0,0.0,[894]
896.0,DIRECTION,3.0,876.0,0.0,0.0,0.0,0.0,0.0,0.0,"[3, 876]"
898.0,DIRECTION,3.0,876.0,0.0,0.0,0.0,0.0,0.0,0.0,"[3, 876]"
899.0,DIRECTION,902.0,900.0,0.0,0.0,0.0,0.0,0.0,0.0,"[902, 900]"
900.0,DIRECTION,9.0,14.0,58.0,901.0,0.0,0.0,0.0,0.0,[901]
903.0,CARTESIAN_POINT,0.0,1386.0,2.499999999999995,0.0,0.0,0.0,0.0,0.0,[1386]
904.0,DIRECTION,0.0,1393.0,5.499999999999998,0.0,0.0,0.0,0.0,0.0,[1393]
905.0,CARTESIAN_POINT,0.0,1066.0,906.0,0.0,0.0,0.0,0.0,0.0,"[1066, 906]"
906.0,PLANE,0.0,1080.0,1000.0,0.0,0.0,0.0,0.0,0.0,[1080]
907.0,DIRECTION,0.0,1131.0,908.0,0.0,0.0,0.0,0.0,0.0,"[1131, 908]"
908.0,DIRECTION,0.0,1132.0,1000.0,0.0,0.0,0.0,0.0,0.0,[1132]
909.0,DIRECTION,0.0,1367.0,2.499999999999995,0.0,0.0,0.0,0.0,0.0,[1367]
910.0,CARTESIAN_POINT,0.0,1365.0,2.4999999999999987,0.0,0.0,0.0,0.0,0.0,[1365]
911.0,CARTESIAN_POINT,0.0,1081.0,930.0,0.0,0.0,0.0,0.0,0.0,"[1081, 930]"
912.0,PLANE,893.0,1350.0,1164.0,0.0,0.0,0.0,0.0,0.0,"[893, 1350, 1164]"
913.0,CARTESIAN_POINT,0.0,1373.0,2.0999999999999974,0.0,0.0,0.0,0.0,0.0,[1373]
914.0,PLANE,0.0,1094.0,1000.0,0.0,0.0,0.0,0.0,0.0,[1094]
915.0,DIRECTION,0.0,1364.0,5.499999999999998,0.0,0.0,0.0,0.0,0.0,[1364]
916.0,DIRECTION,0.0,1085.0,926.0,0.0,0.0,0.0,0.0,0.0,"[1085, 926]"
917.0,CARTESIAN_POINT,0.0,1062.0,1000.0,0.0,0.0,0.0,0.0,0.0,[1062]
918.0,PLANE,0.0,1101.0,867.0,0.0,0.0,0.0,0.0,0.0,"[1101, 867]"
919.0,DIRECTION,0.0,1087.0,1000.0,0.0,0.0,0.0,0.0,0.0,[1087]
920.0,DIRECTION,0.0,1376.0,5.499999999999991,0.0,0.0,0.0,0.0,0.0,[1376]
921.0,DIRECTION,0.0,1033.0,917.0,0.0,0.0,0.0,0.0,0.0,"[1033, 917]"
922.0,PLANE,0.0,1379.0,3.2999999999999905,0.0,0.0,0.0,0.0,0.0,[1379]
923.0,DIRECTION,0.0,1374.0,5.499999999999998,0.0,0.0,0.0,0.0,0.0,[1374]
924.0,DIRECTION,0.0,1377.0,2.499999999999995,0.0,0.0,0.0,0.0,0.0,[1377]
925.0,CARTESIAN_POINT,0.0,1378.0,3.2999999999999905,0.0,0.0,0.0,0.0,0.0,[1378]
926.0,DIRECTION,0.0,1089.0,1000.0,0.0,0.0,0.0,0.0,0.0,[1089]
927.0,DIRECTION,0.0,1070.0,1000.0,0.0,0.0,0.0,0.0,0.0,[1070]
928.0,DIRECTION,0.0,1096.0,1000.0,0.0,0.0,0.0,0.0,0.0,[1096]
929.0,DIRECTION,0.0,1381.0,3.3000000000000043,0.0,0.0,0.0,0.0,0.0,[1381]
930.0,CARTESIAN_POINT,0.0,1082.0,1000.0,0.0,0.0,0.0,0.0,0.0,[1082]
931.0,DIRECTION,0.0,1207.0,932.0,0.0,0.0,0.0,0.0,0.0,"[1207, 932]"
932.0,CARTESIAN_POINT,0.0,1211.0,1000.0,0.0,0.0,0.0,0.0,0.0,[1211]
933.0,DIRECTION,0.0,1203.0,1000.0,0.0,0.0,0.0,0.0,0.0,[1203]
934.0,CARTESIAN_POINT,0.0,1202.0,1000.0,0.0,0.0,0.0,0.0,0.0,[1202]
935.0,PLANE,0.0,1174.0,934.0,0.0,0.0,0.0,0.0,0.0,"[1174, 934]"
1147.0,DIRECTION,0.0,0.0,1994.0,1146.0,0.0,0.0,0.0,0.0,[1146]
1148.0,DIRECTION,0.0,1146.0,0.0,0.0,0.0,0.0,0.0,0.0,[1146]
1151.0,DIRECTION,0.0,0.0,1994.0,1150.0,0.0,0.0,0.0,0.0,[1150]
1166.0,DIRECTION,0.0,1395.0,18.500000000000043,0.0,0.0,0.0,0.0,0.0,[1395]
1167.0,DIRECTION,0.0,1185.0,821.0,0.0,0.0,0.0,0.0,0.0,"[1185, 821]"
1219.0,DIRECTION,0.0,1150.0,0.0,0.0,0.0,0.0,0.0,0.0,[1150]
1220.0,CARTESIAN_POINT,0.0,0.0,1589.0,0.0,0.0,0.0,0.0,0.0,[1589]
1327.0,CARTESIAN_POINT,0.0,1079.0,1330.0,0.0,0.0,0.0,0.0,0.0,"[1079, 1330]"
1328.0,DIRECTION,0.0,1006.0,1332.0,0.0,0.0,0.0,0.0,0.0,"[1006, 1332]"
1329.0,CARTESIAN_POINT,0.0,1388.0,2.499999999999995,0.0,0.0,0.0,0.0,0.0,[1388]
1330.0,DIRECTION,0.0,1084.0,1000.0,0.0,0.0,0.0,0.0,0.0,[1084]
1331.0,CARTESIAN_POINT,0.0,1009.0,1000.0,0.0,0.0,0.0,0.0,0.0,[1009]
1332.0,PLANE,0.0,1007.0,1000.0,0.0,0.0,0.0,0.0,0.0,[1007]
1333.0,DIRECTION,0.0,1016.0,1340.0,0.0,0.0,0.0,0.0,0.0,"[1016, 1340]"
1334.0,DIRECTION,0.0,1014.0,1000.0,0.0,0.0,0.0,0.0,0.0,[1014]
1335.0,DIRECTION,0.0,1011.0,1000.0,0.0,0.0,0.0,0.0,0.0,[1011]
1336.0,PLANE,0.0,999.0,1334.0,0.0,0.0,0.0,0.0,0.0,"[999, 1334]"
1337.0,CARTESIAN_POINT,0.0,1025.0,1000.0,0.0,0.0,0.0,0.0,0.0,[1025]
1338.0,CARTESIAN_POINT,0.0,1010.0,1335.0,0.0,0.0,0.0,0.0,0.0,"[1010, 1335]"
1339.0,CARTESIAN_POINT,0.0,1023.0,1000.0,0.0,0.0,0.0,0.0,0.0,[1023]
1340.0,PLANE,0.0,1017.0,1000.0,0.0,0.0,0.0,0.0,0.0,[1017]
1341.0,DIRECTION,0.0,1008.0,1331.0,0.0,0.0,0.0,0.0,0.0,"[1008, 1331]"
1342.0,DIRECTION,0.0,1387.0,2.0999999999999974,0.0,0.0,0.0,0.0,0.0,[1387]
1343.0,DIRECTION,0.0,1069.0,927.0,0.0,0.0,0.0,0.0,0.0,"[1069, 927]"
1344.0,PLANE,0.0,1024.0,1337.0,0.0,0.0,0.0,0.0,0.0,"[1024, 1337]"
1345.0,DIRECTION,0.0,620.0,628.0,629.0,0.0,0.0,0.0,0.0,"[620, 628, 629]"
1346.0,DIRECTION,1353.0,1356.0,0.0,0.0,0.0,0.0,0.0,0.0,"[1353, 1356]"
1347.0,CARTESIAN_POINT,0.0,0.0,2.0,0.0,0.0,0.0,0.0,0.0,[2]
1348.0,CARTESIAN_POINT,1350.0,1353.0,0.0,0.0,0.0,0.0,0.0,0.0,"[1350, 1353]"
1349.0,DIRECTION,848.0,1162.0,1353.0,0.0,0.0,0.0,0.0,0.0,"[848, 1162, 1353]"
1350.0,DIRECTION,1163.0,0.0,0.0,0.0,0.0,0.0,0.0,0.0,[1163]
1351.0,DIRECTION,898.0,1161.0,1353.0,0.0,0.0,0.0,0.0,0.0,"[898, 1161, 1353]"
1352.0,PLANE,896.0,1159.0,1356.0,0.0,0.0,0.0,0.0,0.0,"[896, 1159, 1356]"
1353.0,DIRECTION,0.0,0.0,1160.0,0.0,0.0,0.0,0.0,0.0,[1160]
1354.0,DIRECTION,1156.0,0.0,0.0,0.0,0.0,0.0,0.0,0.0,[1156]
1355.0,CARTESIAN_POINT,1354.0,1356.0,0.0,0.0,0.0,0.0,0.0,0.0,"[1354, 1356]"
1356.0,DIRECTION,0.0,0.0,2.0,3.0,0.0,0.0,0.0,0.0,[2]
1357.0,CARTESIAN_POINT,871.0,1155.0,1589.0,0.0,0.0,0.0,0.0,0.0,"[871, 1155, 1589]"
1358.0,PLANE,880.0,1154.0,1589.0,0.0,0.0,0.0,0.0,0.0,"[880, 1154, 1589]"
1359.0,DIRECTION,1152.0,0.0,0.0,0.0,0.0,0.0,0.0,0.0,[1152]
1360.0,DIRECTION,1359.0,1589.0,0.0,0.0,0.0,0.0,0.0,0.0,"[1359, 1589]"
1361.0,DIRECTION,0.0,427.0,454.0,141.0,1.0,0.0,0.0,0.0,"[427, 454, 141]"
1362.0,DIRECTION,875.0,1149.0,2.0,0.0,0.0,0.0,0.0,0.0,"[875, 1149, 2]"
1363.0,CARTESIAN_POINT,0.0,1126.0,1136.0,1137.0,0.0,0.0,0.0,0.0,"[1126, 1136, 1137]"
1364.0,DIRECTION,0.0,1133.0,1139.0,1140.0,0.0,0.0,0.0,0.0,"[1133, 1139, 1140]"
1365.0,CARTESIAN_POINT,0.0,1122.0,1134.0,1135.0,0.0,0.0,0.0,0.0,"[1122, 1134, 1135]"
1366.0,DIRECTION,0.0,1144.0,1141.0,1145.0,0.0,0.0,0.0,0.0,"[1144, 1141, 1145]"
1367.0,CARTESIAN_POINT,0.0,1125.0,1127.0,1128.0,0.0,0.0,0.0,0.0,"[1125, 1127, 1128]"
1368.0,PLANE,0.0,1105.0,1118.0,1119.0,0.0,0.0,0.0,0.0,"[1105, 1118, 1119]"
1369.0,DIRECTION,0.0,1093.0,1099.0,1100.0,0.0,0.0,0.0,0.0,"[1093, 1099, 1100]"
1370.0,DIRECTION,0.0,1090.0,1103.0,1104.0,0.0,0.0,0.0,0.0,"[1090, 1103, 1104]"
1371.0,DIRECTION,0.0,1108.0,1110.0,1111.0,0.0,0.0,0.0,0.0,"[1108, 1110, 1111]"
1372.0,CARTESIAN_POINT,0.0,1088.0,1091.0,1092.0,0.0,0.0,0.0,0.0,"[1088, 1091, 1092]"
1373.0,CARTESIAN_POINT,0.0,1109.0,1120.0,1121.0,0.0,0.0,0.0,0.0,"[1109, 1120, 1121]"
1374.0,PLANE,0.0,1076.0,1077.0,1078.0,0.0,0.0,0.0,0.0,"[1076, 1077, 1078]"
1375.0,CARTESIAN_POINT,0.0,1063.0,1071.0,1072.0,0.0,0.0,0.0,0.0,"[1063, 1071, 1072]"
1376.0,PLANE,0.0,1056.0,1059.0,1060.0,0.0,0.0,0.0,0.0,"[1056, 1059, 1060]"
1377.0,DIRECTION,0.0,1061.0,1064.0,1065.0,0.0,0.0,0.0,0.0,"[1061, 1064, 1065]"
1378.0,DIRECTION,0.0,1048.0,1051.0,1052.0,0.0,0.0,0.0,0.0,"[1048, 1051, 1052]"
1379.0,CARTESIAN_POINT,0.0,1058.0,1067.0,1068.0,0.0,0.0,0.0,0.0,"[1058, 1067, 1068]"
1380.0,PLANE,0.0,1073.0,1074.0,1075.0,0.0,0.0,0.0,0.0,"[1073, 1074, 1075]"
1381.0,DIRECTION,0.0,1053.0,1054.0,1055.0,0.0,0.0,0.0,0.0,"[1053, 1054, 1055]"
1382.0,DIRECTION,0.0,1045.0,1046.0,1047.0,0.0,0.0,0.0,0.0,"[1045, 1046, 1047]"
1383.0,CARTESIAN_POINT,0.0,1039.0,1040.0,1041.0,0.0,0.0,0.0,0.0,"[1039, 1040, 1041]"
1384.0,PLANE,0.0,1042.0,1043.0,1044.0,0.0,0.0,0.0,0.0,"[1042, 1043, 1044]"
1385.0,DIRECTION,0.0,1015.0,1027.0,1028.0,0.0,0.0,0.0,0.0,"[1015, 1027, 1028]"
1386.0,DIRECTION,0.0,1036.0,1037.0,1038.0,0.0,0.0,0.0,0.0,"[1036, 1037, 1038]"
1387.0,CARTESIAN_POINT,0.0,1018.0,1020.0,1021.0,0.0,0.0,0.0,0.0,"[1018, 1020, 1021]"
1388.0,PLANE,0.0,996.0,1012.0,1013.0,0.0,0.0,0.0,0.0,"[996, 1012, 1013]"
1389.0,DIRECTION,0.0,991.0,1000.0,1001.0,0.0,0.0,0.0,0.0,"[991, 1000, 1001]"
1390.0,DIRECTION,0.0,994.0,997.0,998.0,0.0,0.0,0.0,0.0,"[994, 997, 998]"
1391.0,CARTESIAN_POINT,0.0,1168.0,943.0,944.0,0.0,0.0,0.0,0.0,"[1168, 943, 944]"
1392.0,PLANE,0.0,1199.0,1204.0,1201.0,0.0,0.0,0.0,0.0,"[1199, 1204, 1201]"
1393.0,DIRECTION,0.0,1029.0,1034.0,1035.0,0.0,0.0,0.0,0.0,"[1029, 1034, 1035]"
1394.0,DIRECTION,0.0,1192.0,1183.0,1188.0,0.0,0.0,0.0,0.0,"[1192, 1183, 1188]"
1395.0,CARTESIAN_POINT,0.0,1180.0,1191.0,1210.0,0.0,0.0,0.0,0.0,"[1180, 1191, 1210]"
1396.0,PLANE,0.0,979.0,992.0,993.0,0.0,0.0,0.0,0.0,"[979, 992, 993]"
1397.0,DIRECTION,0.0,1291.0,1290.0,1289.0,0.0,0.0,0.0,0.0,"[1291, 1290, 1289]"
1398.0,DIRECTION,0.0,1295.0,1287.0,1286.0,0.0,0.0,0.0,0.0,"[1295, 1287, 1286]"
1399.0,CARTESIAN_POINT,0.0,1300.0,1257.0,1253.0,0.0,0.0,0.0,0.0,"[1300, 1257, 1253]"
1400.0,CARTESIAN_POINT,0.0,1252.0,1297.0,1296.0,0.0,0.0,0.0,0.0,"[1252, 1297, 1296]"
1401.0,DIRECTION,0.0,1320.0,1242.0,1241.0,0.0,0.0,0.0,0.0,"[1320, 1242, 1241]"
1402.0,DIRECTION,0.0,1259.0,1302.0,1256.0,0.0,0.0,0.0,0.0,"[1259, 1302, 1256]"
1403.0,CARTESIAN_POINT,0.0,1324.0,1322.0,1321.0,0.0,0.0,0.0,0.0,"[1324, 1322, 1321]"
1404.0,CARTESIAN_POINT,0.0,1323.0,1316.0,1314.0,0.0,0.0,0.0,0.0,"[1323, 1316, 1314]"
1405.0,CARTESIAN_POINT,0.0,353.0,351.0,806.0,0.0,0.0,0.0,0.0,"[353, 351, 806]"
1406.0,CARTESIAN_POINT,0.0,1247.0,1319.0,1318.0,0.0,0.0,0.0,0.0,"[1247, 1319, 1318]"
1407.0,CARTESIAN_POINT,0.0,267.0,1223.0,1222.0,0.0,0.0,0.0,0.0,"[267, 1223, 1222]"
1408.0,CARTESIAN_POINT,0.0,1243.0,1326.0,1325.0,0.0,0.0,0.0,0.0,"[1243, 1326, 1325]"
1409.0,CARTESIAN_POINT,0.0,1230.0,1233.0,1232.0,0.0,0.0,0.0,0.0,"[1230, 1233, 1232]"
1410.0,CARTESIAN_POINT,0.0,674.0,684.0,685.0,0.0,0.0,0.0,0.0,"[674, 684, 685]"
1411.0,CARTESIAN_POINT,0.0,666.0,676.0,677.0,0.0,0.0,0.0,0.0,"[666, 676, 677]"
1412.0,CARTESIAN_POINT,0.0,670.0,680.0,681.0,0.0,0.0,0.0,0.0,"[670, 680, 681]"
1413.0,CARTESIAN_POINT,0.0,662.0,672.0,673.0,0.0,0.0,0.0,0.0,"[662, 672, 673]"
1414.0,CARTESIAN_POINT,0.0,656.0,668.0,669.0,0.0,0.0,0.0,0.0,"[656, 668, 669]"
1415.0,CARTESIAN_POINT,0.0,658.0,664.0,665.0,0.0,0.0,0.0,0.0,"[658, 664, 665]"
1416.0,CARTESIAN_POINT,0.0,646.0,649.0,652.0,0.0,0.0,0.0,0.0,"[646, 649, 652]"
1417.0,CARTESIAN_POINT,0.0,655.0,660.0,661.0,0.0,0.0,0.0,0.0,"[655, 660, 661]"
1418.0,CARTESIAN_POINT,0.0,650.0,653.0,654.0,0.0,0.0,0.0,0.0,"[650, 653, 654]"
1419.0,CARTESIAN_POINT,0.0,638.0,639.0,642.0,0.0,0.0,0.0,0.0,"[638, 639, 642]"
1420.0,CARTESIAN_POINT,0.0,648.0,647.0,645.0,0.0,0.0,0.0,0.0,"[648, 647, 645]"
1421.0,CARTESIAN_POINT,0.0,640.0,643.0,644.0,0.0,0.0,0.0,0.0,"[640, 643, 644]"
1422.0,CARTESIAN_POINT,0.0,630.0,636.0,637.0,0.0,0.0,0.0,0.0,"[630, 636, 637]"
1423.0,CARTESIAN_POINT,0.0,631.0,626.0,634.0,0.0,0.0,0.0,0.0,"[631, 626, 634]"
1424.0,CARTESIAN_POINT,0.0,621.0,632.0,633.0,0.0,0.0,0.0,0.0,"[621, 632, 633]"
1425.0,CARTESIAN_POINT,0.0,622.0,624.0,625.0,0.0,0.0,0.0,0.0,"[622, 624, 625]"
1426.0,CARTESIAN_POINT,0.0,609.0,608.0,606.0,0.0,0.0,0.0,0.0,"[609, 608, 606]"
1427.0,CARTESIAN_POINT,0.0,1225.0,1231.0,1229.0,0.0,0.0,0.0,0.0,"[1225, 1231, 1229]"
1428.0,CARTESIAN_POINT,0.0,1239.0,1246.0,1245.0,0.0,0.0,0.0,0.0,"[1239, 1246, 1245]"
1429.0,CARTESIAN_POINT,0.0,592.0,593.0,588.0,0.0,0.0,0.0,0.0,"[592, 593, 588]"
1430.0,CARTESIAN_POINT,0.0,612.0,611.0,607.0,0.0,0.0,0.0,0.0,"[612, 611, 607]"
1431.0,CARTESIAN_POINT,0.0,802.0,803.0,804.0,0.0,0.0,0.0,0.0,"[802, 803, 804]"
1432.0,CARTESIAN_POINT,0.0,578.0,590.0,591.0,0.0,0.0,0.0,0.0,"[578, 590, 591]"
1433.0,CARTESIAN_POINT,0.0,584.0,594.0,595.0,0.0,0.0,0.0,0.0,"[584, 594, 595]"
1434.0,CARTESIAN_POINT,0.0,577.0,582.0,583.0,0.0,0.0,0.0,0.0,"[577, 582, 583]"
1435.0,CARTESIAN_POINT,0.0,580.0,586.0,587.0,0.0,0.0,0.0,0.0,"[580, 586, 587]"
1436.0,CARTESIAN_POINT,0.0,572.0,575.0,576.0,0.0,0.0,0.0,0.0,"[572, 575, 576]"
1437.0,CARTESIAN_POINT,0.0,570.0,571.0,574.0,0.0,0.0,0.0,0.0,"[570, 571, 574]"
1438.0,CARTESIAN_POINT,0.0,563.0,568.0,569.0,0.0,0.0,0.0,0.0,"[563, 568, 569]"
1439.0,CARTESIAN_POINT,0.0,562.0,566.0,567.0,0.0,0.0,0.0,0.0,"[562, 566, 567]"
1440.0,CARTESIAN_POINT,0.0,552.0,551.0,547.0,0.0,0.0,0.0,0.0,"[552, 551, 547]"
1441.0,CARTESIAN_POINT,0.0,559.0,564.0,565.0,0.0,0.0,0.0,0.0,"[559, 564, 565]"
1442.0,CARTESIAN_POINT,0.0,555.0,557.0,558.0,0.0,0.0,0.0,0.0,"[555, 557, 558]"
1443.0,CARTESIAN_POINT,0.0,549.0,548.0,546.0,0.0,0.0,0.0,0.0,"[549, 548, 546]"
1444.0,CARTESIAN_POINT,0.0,542.0,543.0,538.0,0.0,0.0,0.0,0.0,"[542, 543, 538]"
1445.0,CARTESIAN_POINT,0.0,599.0,598.0,596.0,0.0,0.0,0.0,0.0,"[599, 598, 596]"
1446.0,CARTESIAN_POINT,0.0,530.0,540.0,541.0,0.0,0.0,0.0,0.0,"[530, 540, 541]"
1447.0,CARTESIAN_POINT,0.0,534.0,544.0,545.0,0.0,0.0,0.0,0.0,"[534, 544, 545]"
1448.0,CARTESIAN_POINT,0.0,522.0,532.0,533.0,0.0,0.0,0.0,0.0,"[522, 532, 533]"
1449.0,CARTESIAN_POINT,0.0,526.0,536.0,537.0,0.0,0.0,0.0,0.0,"[526, 536, 537]"
1450.0,CARTESIAN_POINT,0.0,513.0,524.0,525.0,0.0,0.0,0.0,0.0,"[513, 524, 525]"
1451.0,CARTESIAN_POINT,0.0,518.0,528.0,529.0,0.0,0.0,0.0,0.0,"[518, 528, 529]"
1452.0,CARTESIAN_POINT,0.0,512.0,520.0,521.0,0.0,0.0,0.0,0.0,"[512, 520, 521]"
1453.0,CARTESIAN_POINT,0.0,514.0,516.0,517.0,0.0,0.0,0.0,0.0,"[514, 516, 517]"
1454.0,CARTESIAN_POINT,0.0,489.0,490.0,494.0,0.0,0.0,0.0,0.0,"[489, 490, 494]"
1455.0,CARTESIAN_POINT,0.0,554.0,550.0,553.0,0.0,0.0,0.0,0.0,"[554, 550, 553]"
1456.0,CARTESIAN_POINT,0.0,1303.0,1255.0,1299.0,0.0,0.0,0.0,0.0,"[1303, 1255, 1299]"
1457.0,CARTESIAN_POINT,0.0,488.0,485.0,486.0,0.0,0.0,0.0,0.0,"[488, 485, 486]"
1458.0,CARTESIAN_POINT,0.0,601.0,604.0,605.0,0.0,0.0,0.0,0.0,"[601, 604, 605]"
1459.0,CARTESIAN_POINT,0.0,368.0,506.0,476.0,0.0,0.0,0.0,0.0,"[368, 506, 476]"
1460.0,CARTESIAN_POINT,0.0,614.0,617.0,618.0,0.0,0.0,0.0,0.0,"[614, 617, 618]"
1461.0,CARTESIAN_POINT,0.0,492.0,493.0,497.0,0.0,0.0,0.0,0.0,"[492, 493, 497]"
1462.0,CARTESIAN_POINT,0.0,382.0,363.0,360.0,0.0,0.0,0.0,0.0,"[382, 363, 360]"
1463.0,CARTESIAN_POINT,0.0,449.0,450.0,247.0,1.0,0.0,0.0,0.0,"[449, 450, 247]"
1464.0,CARTESIAN_POINT,0.0,362.0,361.0,358.0,0.0,0.0,0.0,0.0,"[362, 361, 358]"
1465.0,CARTESIAN_POINT,0.0,503.0,357.0,474.0,0.0,0.0,0.0,0.0,"[503, 357, 474]"
1466.0,CARTESIAN_POINT,0.0,469.0,471.0,473.0,0.0,0.0,0.0,0.0,"[469, 471, 473]"
1467.0,CARTESIAN_POINT,0.0,425.0,448.0,250.0,1.0,0.0,0.0,0.0,"[425, 448, 250]"
1468.0,CARTESIAN_POINT,0.0,450.0,459.0,15.0,1.0,0.0,0.0,0.0,"[450, 459, 15]"
1469.0,CARTESIAN_POINT,0.0,446.0,455.0,248.0,1.0,0.0,0.0,0.0,"[446, 455, 248]"
1470.0,CARTESIAN_POINT,0.0,481.0,356.0,74.0,1.0,0.0,0.0,0.0,"[481, 356, 74]"
1471.0,CARTESIAN_POINT,0.0,413.0,439.0,76.0,1.0,0.0,0.0,0.0,"[413, 439, 76]"
1472.0,CARTESIAN_POINT,0.0,433.0,405.0,75.0,1.0,0.0,0.0,0.0,"[433, 405, 75]"
1473.0,CARTESIAN_POINT,0.0,435.0,424.0,72.0,1.0,0.0,0.0,0.0,"[435, 424, 72]"
1474.0,CARTESIAN_POINT,0.0,480.0,401.0,9.0,1.0,0.0,0.0,0.0,"[480, 401, 9]"
1475.0,CARTESIAN_POINT,0.0,356.0,481.0,70.0,1.0,0.0,0.0,0.0,"[356, 481, 70]"
1476.0,CARTESIAN_POINT,0.0,483.0,410.0,14.0,1.0,0.0,0.0,0.0,"[483, 410, 14]"
1477.0,CARTESIAN_POINT,0.0,439.0,466.0,8.0,1.0,0.0,0.0,0.0,"[439, 466, 8]"
1478.0,CARTESIAN_POINT,0.0,483.0,374.0,28.0,1.0,0.0,0.0,0.0,"[483, 374, 28]"
1479.0,CARTESIAN_POINT,0.0,374.0,369.0,27.0,1.0,0.0,0.0,0.0,"[374, 369, 27]"
1480.0,CARTESIAN_POINT,0.0,411.0,405.0,59.0,1.0,0.0,0.0,0.0,"[411, 405, 59]"
1481.0,CARTESIAN_POINT,0.0,356.0,386.0,17.0,1.0,0.0,0.0,0.0,"[356, 386, 17]"
1482.0,CARTESIAN_POINT,0.0,480.0,399.0,67.0,1.0,0.0,0.0,0.0,"[480, 399, 67]"
1483.0,CARTESIAN_POINT,0.0,399.0,401.0,68.0,1.0,0.0,0.0,0.0,"[399, 401, 68]"
1484.0,CARTESIAN_POINT,0.0,481.0,375.0,60.0,1.0,0.0,0.0,0.0,"[481, 375, 60]"
1485.0,CARTESIAN_POINT,0.0,401.0,398.0,258.0,1.0,0.0,0.0,0.0,"[401, 398, 258]"
1486.0,CARTESIAN_POINT,0.0,389.0,385.0,6.0,1.0,0.0,0.0,0.0,"[389, 385, 6]"
1487.0,CARTESIAN_POINT,0.0,397.0,398.0,20.0,1.0,0.0,0.0,0.0,"[397, 398, 20]"
1488.0,CARTESIAN_POINT,0.0,369.0,410.0,7.0,1.0,0.0,0.0,0.0,"[369, 410, 7]"
1489.0,CARTESIAN_POINT,0.0,401.0,399.0,125.0,1.0,0.0,0.0,0.0,"[401, 399, 125]"
1490.0,CARTESIAN_POINT,0.0,375.0,386.0,136.0,1.0,0.0,0.0,0.0,"[375, 386, 136]"
1491.0,CARTESIAN_POINT,0.0,433.0,446.0,159.0,1.0,0.0,0.0,0.0,"[433, 446, 159]"
1492.0,CARTESIAN_POINT,0.0,458.0,438.0,257.0,1.0,0.0,0.0,0.0,"[458, 438, 257]"
1493.0,CARTESIAN_POINT,0.0,465.0,426.0,154.0,1.0,0.0,0.0,0.0,"[465, 426, 154]"
1494.0,CARTESIAN_POINT,0.0,413.0,409.0,153.0,1.0,0.0,0.0,0.0,"[413, 409, 153]"
1495.0,CARTESIAN_POINT,0.0,455.0,451.0,229.0,1.0,0.0,0.0,0.0,"[455, 451, 229]"
1496.0,CARTESIAN_POINT,0.0,442.0,433.0,4.0,1.0,0.0,0.0,0.0,"[442, 433, 4]"
1497.0,CARTESIAN_POINT,0.0,431.0,451.0,280.0,1.0,0.0,0.0,0.0,"[431, 451, 280]"
1498.0,CARTESIAN_POINT,0.0,386.0,375.0,243.0,1.0,0.0,0.0,0.0,"[386, 375, 243]"
1499.0,CARTESIAN_POINT,0.0,455.0,463.0,281.0,1.0,0.0,0.0,0.0,"[455, 463, 281]"
1500.0,CARTESIAN_POINT,0.0,374.0,483.0,260.0,1.0,0.0,0.0,0.0,"[374, 483, 260]"
1501.0,CARTESIAN_POINT,0.0,428.0,416.0,193.0,1.0,0.0,0.0,0.0,"[428, 416, 193]"
1502.0,CARTESIAN_POINT,0.0,406.0,421.0,90.0,1.0,0.0,0.0,0.0,"[406, 421, 90]"
1503.0,CARTESIAN_POINT,0.0,417.0,407.0,168.0,1.0,0.0,0.0,0.0,"[417, 407, 168]"
1504.0,CARTESIAN_POINT,0.0,463.0,407.0,236.0,1.0,0.0,0.0,0.0,"[463, 407, 236]"
1505.0,CARTESIAN_POINT,0.0,411.0,417.0,155.0,1.0,0.0,0.0,0.0,"[411, 417, 155]"
1506.0,CARTESIAN_POINT,0.0,462.0,461.0,100.0,1.0,0.0,0.0,0.0,"[462, 461, 100]"
1507.0,CARTESIAN_POINT,0.0,411.0,446.0,285.0,1.0,0.0,0.0,0.0,"[411, 446, 285]"
1508.0,CARTESIAN_POINT,0.0,432.0,456.0,98.0,1.0,0.0,0.0,0.0,"[432, 456, 98]"
1509.0,DIRECTION,0.0,461.0,464.0,104.0,1.0,0.0,0.0,0.0,"[461, 464, 104]"
1510.0,CARTESIAN_POINT,0.0,428.0,443.0,107.0,1.0,0.0,0.0,0.0,"[428, 443, 107]"
1511.0,CARTESIAN_POINT,0.0,443.0,432.0,108.0,1.0,0.0,0.0,0.0,"[443, 432, 108]"
1512.0,DIRECTION,0.0,464.0,421.0,115.0,1.0,0.0,0.0,0.0,"[464, 421, 115]"
1513.0,CARTESIAN_POINT,0.0,462.0,456.0,110.0,1.0,0.0,0.0,0.0,"[462, 456, 110]"
1514.0,DIRECTION,0.0,406.0,422.0,103.0,1.0,0.0,0.0,0.0,"[406, 422, 103]"
1515.0,CARTESIAN_POINT,0.0,423.0,416.0,167.0,1.0,0.0,0.0,0.0,"[423, 416, 167]"
1516.0,DIRECTION,0.0,422.0,423.0,172.0,1.0,0.0,0.0,0.0,"[422, 423, 172]"
1517.0,CARTESIAN_POINT,0.0,468.0,444.0,164.0,1.0,0.0,0.0,0.0,"[468, 444, 164]"
1518.0,DIRECTION,0.0,447.0,430.0,176.0,1.0,0.0,0.0,0.0,"[447, 430, 176]"
1519.0,CARTESIAN_POINT,0.0,419.0,460.0,62.0,1.0,0.0,0.0,0.0,"[419, 460, 62]"
1520.0,DIRECTION,0.0,434.0,418.0,101.0,1.0,0.0,0.0,0.0,"[434, 418, 101]"
1521.0,DIRECTION,0.0,460.0,430.0,182.0,1.0,0.0,0.0,0.0,"[460, 430, 182]"
1522.0,CARTESIAN_POINT,0.0,409.0,466.0,184.0,1.0,0.0,0.0,0.0,"[409, 466, 184]"
1523.0,DIRECTION,0.0,466.0,453.0,158.0,1.0,0.0,0.0,0.0,"[466, 453, 158]"
1524.0,VECTOR,0.0,448.0,444.0,121.0,1.0,0.0,0.0,0.0,"[448, 444, 121]"
1525.0,LINE,0.0,419.0,447.0,162.0,1.0,0.0,0.0,0.0,"[419, 447, 162]"
1526.0,LINE,0.0,468.0,409.0,165.0,1.0,0.0,0.0,0.0,"[468, 409, 165]"
1527.0,VECTOR,0.0,430.0,449.0,166.0,1.0,0.0,0.0,0.0,"[430, 449, 166]"
1528.0,LINE,0.0,453.0,434.0,255.0,1.0,0.0,0.0,0.0,"[453, 434, 255]"
1529.0,VECTOR,0.0,405.0,452.0,1166.0,1.0,0.0,0.0,0.0,"[405, 452, 1166]"
1530.0,VECTOR,0.0,452.0,447.0,186.0,1.0,0.0,0.0,0.0,"[452, 447, 186]"
1531.0,VECTOR,0.0,429.0,417.0,830.0,1.0,0.0,0.0,0.0,"[429, 417, 830]"
1532.0,VECTOR,0.0,459.0,441.0,935.0,1.0,0.0,0.0,0.0,"[459, 441, 935]"
1533.0,LINE,0.0,412.0,459.0,931.0,1.0,0.0,0.0,0.0,"[412, 459, 931]"
1534.0,LINE,0.0,424.0,416.0,1167.0,1.0,0.0,0.0,0.0,"[424, 416, 1167]"
1535.0,LINE,0.0,450.0,420.0,63.0,1.0,0.0,0.0,0.0,"[450, 420, 63]"
1536.0,VECTOR,0.0,427.0,415.0,817.0,1.0,0.0,0.0,0.0,"[427, 415, 817]"
1537.0,LINE,0.0,597.0,600.0,603.0,0.0,0.0,0.0,0.0,"[597, 600, 603]"
1538.0,VECTOR,0.0,965.0,976.0,977.0,0.0,0.0,0.0,0.0,"[965, 976, 977]"
1539.0,LINE,0.0,412.0,460.0,822.0,1.0,0.0,0.0,0.0,"[412, 460, 822]"
1540.0,VECTOR,0.0,440.0,441.0,820.0,1.0,0.0,0.0,0.0,"[440, 441, 820]"
1541.0,CIRCLE,0.0,437.0,408.0,808.0,1.0,0.0,0.0,0.0,"[437, 408, 808]"
1542.0,LINE,0.0,431.0,463.0,824.0,1.0,0.0,0.0,0.0,"[431, 463, 824]"
1543.0,LINE,0.0,438.0,407.0,816.0,1.0,0.0,0.0,0.0,"[438, 407, 816]"
1544.0,LINE,0.0,431.0,419.0,825.0,1.0,0.0,0.0,0.0,"[431, 419, 825]"
1545.0,VECTOR,0.0,472.0,462.0,811.0,1.0,0.0,0.0,0.0,"[472, 462, 811]"
1546.0,VECTOR,0.0,438.0,461.0,826.0,1.0,0.0,0.0,0.0,"[438, 461, 826]"
1547.0,LINE,0.0,437.0,439.0,1678.0,1.0,0.0,0.0,0.0,"[437, 439, 1678]"
1548.0,VECTOR,0.0,472.0,408.0,818.0,1.0,0.0,0.0,0.0,"[472, 408, 818]"
1549.0,CIRCLE,0.0,429.0,436.0,1653.0,1.0,0.0,0.0,0.0,"[429, 436, 1653]"
1550.0,LINE,0.0,454.0,413.0,1677.0,1.0,0.0,0.0,0.0,"[454, 413, 1677]"
1551.0,PERSON_AND_ORGANIZATION,0.0,457.0,436.0,1658.0,1.0,0.0,0.0,0.0,"[457, 436, 1658]"
1552.0,APPROVAL_DATE_TIME,0.0,414.0,403.0,1668.0,1.0,0.0,0.0,0.0,"[414, 403, 1668]"
1553.0,VECTOR,0.0,457.0,414.0,1675.0,1.0,0.0,0.0,0.0,"[457, 414, 1675]"
1554.0,CIRCLE,0.0,403.0,404.0,1667.0,1.0,0.0,0.0,0.0,"[403, 404, 1667]"
1555.0,VECTOR,0.0,445.0,404.0,1665.0,1.0,0.0,0.0,0.0,"[445, 404, 1665]"
1556.0,LINE,0.0,445.0,467.0,809.0,1.0,0.0,0.0,0.0,"[445, 467, 809]"
1557.0,VECTOR,0.0,415.0,448.0,1647.0,1.0,0.0,0.0,0.0,"[415, 448, 1647]"
1558.0,CIRCLE,0.0,498.0,499.0,484.0,0.0,0.0,0.0,0.0,"[498, 499, 484]"
1559.0,COORDINATED_UNIVERSAL_TIME_OFFSET,0.0,432.0,429.0,827.0,1.0,0.0,0.0,0.0,"[432, 429, 827]"
1560.0,CIRCLE,0.0,467.0,458.0,1663.0,1.0,0.0,0.0,0.0,"[467, 458, 1663]"
1561.0,CIRCLE,0.0,425.0,440.0,1661.0,1.0,0.0,0.0,0.0,"[425, 440, 1661]"
1562.0,COORDINATED_UNIVERSAL_TIME_OFFSET,834.0,1158.0,1356.0,0.0,0.0,0.0,0.0,0.0,"[834, 1158, 1356]"
1563.0,VECTOR,0.0,408.0,434.0,1650.0,1.0,0.0,0.0,0.0,"[408, 434, 1650]"
1564.0,LINE,0.0,418.0,472.0,1660.0,1.0,0.0,0.0,0.0,"[418, 472, 1660]"
1565.0,DATE_AND_TIME,0.0,393.0,383.0,1669.0,1.0,0.0,0.0,0.0,"[393, 383, 1669]"
1566.0,CALENDAR_DATE,0.0,442.0,452.0,284.0,1.0,0.0,0.0,0.0,"[442, 452, 284]"
1567.0,LINE,0.0,453.0,437.0,1676.0,1.0,0.0,0.0,0.0,"[453, 437, 1676]"
1568.0,APPROVAL_PERSON_ORGANIZATION,0.0,451.0,442.0,1655.0,1.0,0.0,0.0,0.0,"[451, 442, 1655]"
1569.0,CIRCLE,0.0,424.0,414.0,1643.0,1.0,0.0,0.0,0.0,"[424, 414, 1643]"
1570.0,CIRCLE,0.0,426.0,467.0,264.0,1.0,0.0,0.0,0.0,"[426, 467, 264]"
1571.0,CIRCLE,0.0,388.0,370.0,276.0,1.0,0.0,0.0,0.0,"[388, 370, 276]"
1572.0,LINE,0.0,436.0,443.0,274.0,1.0,0.0,0.0,0.0,"[436, 443, 274]"
1573.0,LINE,0.0,385.0,396.0,273.0,1.0,0.0,0.0,0.0,"[385, 396, 273]"
1574.0,LINE,0.0,410.0,369.0,277.0,1.0,0.0,0.0,0.0,"[410, 369, 277]"
1575.0,VECTOR,0.0,456.0,418.0,1644.0,1.0,0.0,0.0,0.0,"[456, 418, 1644]"
1576.0,VECTOR,0.0,404.0,422.0,270.0,1.0,0.0,0.0,0.0,"[404, 422, 270]"
1577.0,LINE,0.0,445.0,465.0,1328.0,1.0,0.0,0.0,0.0,"[445, 465, 1328]"
1578.0,LINE,0.0,359.0,354.0,365.0,0.0,0.0,0.0,0.0,"[359, 354, 365]"
1579.0,CIRCLE,0.0,355.0,475.0,470.0,0.0,0.0,0.0,0.0,"[355, 475, 470]"
1580.0,LOCAL_TIME,0.0,440.0,415.0,1341.0,1.0,0.0,0.0,0.0,"[440, 415, 1341]"
1581.0,LINE,0.0,457.0,435.0,1338.0,1.0,0.0,0.0,0.0,"[457, 435, 1338]"
1582.0,APPROVAL_DATE_TIME,0.0,389.0,380.0,1329.0,1.0,0.0,0.0,0.0,"[389, 380, 1329]"
1583.0,CIRCLE,0.0,423.0,403.0,1336.0,1.0,0.0,0.0,0.0,"[423, 403, 1336]"
1584.0,VECTOR,0.0,464.0,458.0,1333.0,1.0,0.0,0.0,0.0,"[464, 458, 1333]"
1585.0,VECTOR,0.0,1285.0,1284.0,1283.0,0.0,0.0,0.0,0.0,"[1285, 1284, 1283]"
1586.0,DATE_AND_TIME,0.0,398.0,397.0,1342.0,1.0,0.0,0.0,0.0,"[398, 397, 1342]"
1587.0,CALENDAR_DATE,0.0,610.0,613.0,616.0,0.0,0.0,0.0,0.0,"[610, 613, 616]"
1588.0,DATE_AND_TIME,0.0,420.0,425.0,269.0,1.0,0.0,0.0,0.0,"[420, 425, 269]"
1590.0,PERSON_AND_ORGANIZATION,0.0,441.0,420.0,1344.0,1.0,0.0,0.0,0.0,"[441, 420, 1344]"
1591.0,SHAPE_DEFINITION_REPRESENTATION,0.0,377.0,372.0,841.0,1.0,0.0,0.0,0.0,"[377, 372, 841]"
1592.0,PERSON_AND_ORGANIZATION,0.0,426.0,421.0,889.0,1.0,0.0,0.0,0.0,"[426, 421, 889]"
1593.0,ORGANIZATION,0.0,449.0,412.0,860.0,1.0,0.0,0.0,0.0,"[449, 412, 860]"
1594.0,LOCAL_TIME,0.0,478.0,482.0,904.0,1.0,0.0,0.0,0.0,"[478, 482, 904]"
1595.0,LOCAL_TIME,0.0,387.0,391.0,903.0,1.0,0.0,0.0,0.0,"[387, 391, 903]"
1596.0,APPROVAL_PERSON_ORGANIZATION,0.0,511.0,510.0,508.0,0.0,0.0,0.0,0.0,"[511, 510, 508]"
1597.0,PERSON_AND_ORGANIZATION,0.0,371.0,390.0,890.0,1.0,0.0,0.0,0.0,"[371, 390, 890]"
1598.0,APPROVAL_DATE_TIME,0.0,373.0,394.0,852.0,1.0,0.0,0.0,0.0,"[373, 394, 852]"
1599.0,COORDINATED_UNIVERSAL_TIME_OFFSET,0.0,392.0,479.0,853.0,1.0,0.0,0.0,0.0,"[392, 479, 853]"
1600.0,CALENDAR_DATE,0.0,444.0,427.0,1670.0,1.0,0.0,0.0,0.0,"[444, 427, 1670]"
1601.0,DATE_AND_TIME,0.0,376.0,395.0,925.0,1.0,0.0,0.0,0.0,"[376, 395, 925]"
1602.0,PERSON_AND_ORGANIZATION,0.0,477.0,400.0,929.0,1.0,0.0,0.0,0.0,"[477, 400, 929]"
1603.0,VECTOR,0.0,465.0,406.0,833.0,1.0,0.0,0.0,0.0,"[465, 406, 833]"
1604.0,VECTOR,0.0,381.0,384.0,920.0,1.0,0.0,0.0,0.0,"[381, 384, 920]"
1605.0,LINE,0.0,399.0,397.0,921.0,1.0,0.0,0.0,0.0,"[399, 397, 921]"
1606.0,LINE,0.0,391.0,387.0,924.0,1.0,0.0,0.0,0.0,"[391, 387, 924]"
1607.0,CIRCLE,0.0,395.0,376.0,922.0,1.0,0.0,0.0,0.0,"[395, 376, 922]"
1608.0,CIRCLE,0.0,454.0,468.0,1343.0,1.0,0.0,0.0,0.0,"[454, 468, 1343]"
1609.0,LINE,0.0,372.0,377.0,844.0,1.0,0.0,0.0,0.0,"[372, 377, 844]"
1610.0,PERSON_AND_ORGANIZATION,0.0,402.0,378.0,891.0,1.0,0.0,0.0,0.0,"[402, 378, 891]"
1611.0,COORDINATED_UNIVERSAL_TIME_OFFSET,0.0,479.0,392.0,923.0,1.0,0.0,0.0,0.0,"[479, 392, 923]"
1612.0,LOCAL_TIME,0.0,435.0,428.0,905.0,1.0,0.0,0.0,0.0,"[435, 428, 905]"
1613.0,PERSON_AND_ORGANIZATION,0.0,395.0,394.0,911.0,1.0,0.0,0.0,0.0,"[395, 394, 911]"
1614.0,CALENDAR_DATE,0.0,379.0,383.0,1327.0,1.0,0.0,0.0,0.0,"[379, 383, 1327]"
1615.0,PERSON_AND_ORGANIZATION,0.0,380.0,396.0,857.0,1.0,0.0,0.0,0.0,"[380, 396, 857]"
1616.0,DATE_AND_TIME,0.0,381.0,392.0,916.0,1.0,0.0,0.0,0.0,"[381, 392, 916]"
1617.0,LOCAL_TIME,0.0,400.0,477.0,866.0,1.0,0.0,0.0,0.0,"[400, 477, 866]"
1618.0,COORDINATED_UNIVERSAL_TIME_OFFSET,0.0,393.0,377.0,856.0,1.0,0.0,0.0,0.0,"[393, 377, 856]"
1619.0,CALENDAR_DATE,0.0,376.0,373.0,855.0,1.0,0.0,0.0,0.0,"[376, 373, 855]"
1620.0,CIRCLE,0.0,379.0,393.0,839.0,1.0,0.0,0.0,0.0,"[379, 393, 839]"
1621.0,CIRCLE,0.0,384.0,381.0,837.0,1.0,0.0,0.0,0.0,"[384, 381, 837]"
1622.0,LINE,0.0,371.0,478.0,918.0,1.0,0.0,0.0,0.0,"[371, 478, 918]"
1623.0,VECTOR,0.0,394.0,373.0,854.0,1.0,0.0,0.0,0.0,"[394, 373, 854]"
1624.0,LINE,0.0,391.0,370.0,892.0,1.0,0.0,0.0,0.0,"[391, 370, 892]"
1625.0,VECTOR,0.0,378.0,402.0,832.0,1.0,0.0,0.0,0.0,"[378, 402, 832]"
1626.0,CIRCLE,0.0,384.0,479.0,850.0,1.0,0.0,0.0,0.0,"[384, 479, 850]"
1627.0,CIRCLE,0.0,378.0,400.0,864.0,1.0,0.0,0.0,0.0,"[378, 400, 864]"
1628.0,LINE,0.0,402.0,477.0,847.0,1.0,0.0,0.0,0.0,"[402, 477, 847]"
1629.0,APPROVAL_PERSON_ORGANIZATION,0.0,396.0,385.0,843.0,1.0,0.0,0.0,0.0,"[396, 385, 843]"
1630.0,CIRCLE,0.0,383.0,393.0,913.0,1.0,0.0,0.0,0.0,"[383, 393, 913]"
1631.0,VECTOR,0.0,390.0,482.0,888.0,1.0,0.0,0.0,0.0,"[390, 482, 888]"
1632.0,CIRCLE,0.0,380.0,389.0,909.0,1.0,0.0,0.0,0.0,"[380, 389, 909]"
1633.0,LINE,0.0,387.0,388.0,861.0,1.0,0.0,0.0,0.0,"[387, 388, 861]"
1634.0,VECTOR,0.0,383.0,372.0,907.0,1.0,0.0,0.0,0.0,"[383, 372, 907]"
1635.0,LINE,0.0,370.0,388.0,910.0,1.0,0.0,0.0,0.0,"[370, 388, 910]"
1636.0,VECTOR,0.0,390.0,371.0,862.0,1.0,0.0,0.0,0.0,"[390, 371, 862]"
1637.0,CIRCLE,0.0,501.0,502.0,366.0,0.0,0.0,0.0,0.0,"[501, 502, 366]"
1638.0,LINE,0.0,504.0,505.0,364.0,0.0,0.0,0.0,0.0,"[504, 505, 364]"
1639.0,CIRCLE,0.0,482.0,478.0,915.0,1.0,0.0,0.0,0.0,"[482, 478, 915]"
1640.0,CIRCLE,0.0,491.0,367.0,507.0,0.0,0.0,0.0,0.0,"[491, 367, 507]"
1641.0,CIRCLE,0.0,495.0,496.0,500.0,0.0,0.0,0.0,0.0,"[495, 496, 500]"
1642.0,CIRCLE,0.0,988.0,1000.0,0.0,0.0,0.0,0.0,0.0,[988]
1643.0,VECTOR,0.0,987.0,1642.0,0.0,0.0,0.0,0.0,0.0,"[987, 1642]"
1644.0,VECTOR,0.0,1002.0,271.0,0.0,0.0,0.0,0.0,0.0,"[1002, 271]"
1645.0,VECTOR,0.0,986.0,1000.0,0.0,0.0,0.0,0.0,0.0,[986]
1646.0,CIRCLE,0.0,972.0,1000.0,0.0,0.0,0.0,0.0,0.0,[972]
1647.0,VECTOR,0.0,963.0,1648.0,0.0,0.0,0.0,0.0,0.0,"[963, 1648]"
1648.0,LINE,0.0,964.0,1000.0,0.0,0.0,0.0,0.0,0.0,[964]
1649.0,VECTOR,0.0,970.0,1000.0,0.0,0.0,0.0,0.0,0.0,[970]
1650.0,VECTOR,0.0,971.0,1646.0,0.0,0.0,0.0,0.0,0.0,"[971, 1646]"
1651.0,VECTOR,0.0,948.0,1000.0,0.0,0.0,0.0,0.0,0.0,[948]
1652.0,LINE,0.0,962.0,1000.0,0.0,0.0,0.0,0.0,0.0,[962]
1653.0,DIRECTION,0.0,947.0,1651.0,0.0,0.0,0.0,0.0,0.0,"[947, 1651]"
1654.0,CARTESIAN_POINT,0.0,960.0,1000.0,0.0,0.0,0.0,0.0,0.0,[960]
1655.0,DIRECTION,0.0,985.0,1645.0,0.0,0.0,0.0,0.0,0.0,"[985, 1645]"
1656.0,CARTESIAN_POINT,0.0,954.0,1000.0,0.0,0.0,0.0,0.0,0.0,[954]
1657.0,DIRECTION,0.0,952.0,1000.0,0.0,0.0,0.0,0.0,0.0,[952]
1658.0,CARTESIAN_POINT,0.0,951.0,1657.0,0.0,0.0,0.0,0.0,0.0,"[951, 1657]"
1659.0,DIRECTION,0.0,974.0,1000.0,0.0,0.0,0.0,0.0,0.0,[974]
1660.0,DIRECTION,0.0,973.0,1659.0,0.0,0.0,0.0,0.0,0.0,"[973, 1659]"
1661.0,DIRECTION,0.0,969.0,1649.0,0.0,0.0,0.0,0.0,0.0,"[969, 1649]"
1662.0,CARTESIAN_POINT,0.0,968.0,1000.0,0.0,0.0,0.0,0.0,0.0,[968]
1663.0,DIRECTION,0.0,967.0,1662.0,0.0,0.0,0.0,0.0,0.0,"[967, 1662]"
1664.0,CARTESIAN_POINT,0.0,950.0,1000.0,0.0,0.0,0.0,0.0,0.0,[950]
1665.0,DIRECTION,0.0,959.0,1654.0,0.0,0.0,0.0,0.0,0.0,"[959, 1654]"
1666.0,CARTESIAN_POINT,0.0,958.0,1000.0,0.0,0.0,0.0,0.0,0.0,[958]
1667.0,DIRECTION,0.0,957.0,1666.0,0.0,0.0,0.0,0.0,0.0,"[957, 1666]"
1668.0,CARTESIAN_POINT,0.0,1205.0,1656.0,0.0,0.0,0.0,0.0,0.0,"[1205, 1656]"
1669.0,DIRECTION,0.0,1538.0,2.0999999999999974,0.0,0.0,0.0,0.0,0.0,[1538]
1670.0,CARTESIAN_POINT,0.0,1026.0,1672.0,0.0,0.0,0.0,0.0,0.0,"[1026, 1672]"
1671.0,DIRECTION,0.0,984.0,1000.0,0.0,0.0,0.0,0.0,0.0,[984]
1672.0,CARTESIAN_POINT,0.0,1049.0,1000.0,0.0,0.0,0.0,0.0,0.0,[1049]
1673.0,DIRECTION,0.0,966.0,1000.0,0.0,0.0,0.0,0.0,0.0,[966]
1674.0,CARTESIAN_POINT,0.0,956.0,1000.0,0.0,0.0,0.0,0.0,0.0,[956]
1675.0,DIRECTION,0.0,955.0,1674.0,0.0,0.0,0.0,0.0,0.0,"[955, 1674]"
1676.0,CARTESIAN_POINT,0.0,983.0,1671.0,0.0,0.0,0.0,0.0,0.0,"[983, 1671]"
1677.0,DIRECTION,0.0,949.0,1664.0,0.0,0.0,0.0,0.0,0.0,"[949, 1664]"
1678.0,CARTESIAN_POINT,0.0,1391.0,25.0,0.0,0.0,0.0,0.0,0.0,[1391]
1679.0,DIRECTION,0.0,0.0,0.0,1510.0,1.0,0.0,0.0,0.0,[1510]
1680.0,CARTESIAN_POINT,0.0,0.0,0.0,1575.0,0.0,0.0,0.0,0.0,[1575]
1681.0,DIRECTION,0.0,0.0,0.0,1559.0,1.0,0.0,0.0,0.0,[1559]
1682.0,CARTESIAN_POINT,0.0,1873.0,1948.0,0.0,0.0,0.0,0.0,0.0,"[1873, 1948]"
1683.0,DIRECTION,0.0,0.0,0.0,1478.0,0.0,0.0,0.0,0.0,[1478]
1684.0,CARTESIAN_POINT,0.0,0.0,0.0,1493.0,1.0,0.0,0.0,0.0,[1493]
1685.0,DIRECTION,0.0,0.0,0.0,1633.0,0.0,0.0,0.0,0.0,[1633]
1686.0,CARTESIAN_POINT,0.0,0.0,0.0,1568.0,0.0,0.0,0.0,0.0,[1568]
1687.0,DIRECTION,0.0,0.0,0.0,1502.0,1.0,0.0,0.0,0.0,[1502]
1688.0,CARTESIAN_POINT,0.0,0.0,0.0,1566.0,1.0,0.0,0.0,0.0,[1566]
1689.0,DIRECTION,0.0,0.0,0.0,1526.0,1.0,0.0,0.0,0.0,[1526]
1690.0,CARTESIAN_POINT,0.0,0.0,0.0,1528.0,1.0,0.0,0.0,0.0,[1528]
1691.0,DIRECTION,0.0,0.0,0.0,1609.0,1.0,0.0,0.0,0.0,[1609]
1692.0,CARTESIAN_POINT,0.0,0.0,0.0,1513.0,0.0,0.0,0.0,0.0,[1513]
1693.0,DIRECTION,0.0,0.0,0.0,1474.0,0.0,0.0,0.0,0.0,[1474]
1694.0,DIRECTION,0.0,0.0,0.0,1531.0,1.0,0.0,0.0,0.0,[1531]
1695.0,CARTESIAN_POINT,0.0,0.0,0.0,1485.0,0.0,0.0,0.0,0.0,[1485]
1696.0,CARTESIAN_POINT,0.0,0.0,0.0,1529.0,1.0,0.0,0.0,0.0,[1529]
1697.0,CARTESIAN_POINT,0.0,0.0,0.0,1518.0,1.0,0.0,0.0,0.0,[1518]
1698.0,CARTESIAN_POINT,0.0,0.0,0.0,1517.0,0.0,0.0,0.0,0.0,[1517]
1699.0,CARTESIAN_POINT,0.0,0.0,0.0,1525.0,1.0,0.0,0.0,0.0,[1525]
1700.0,CARTESIAN_POINT,0.0,0.0,0.0,1496.0,0.0,0.0,0.0,0.0,[1496]
1701.0,DIRECTION,0.0,0.0,0.0,1635.0,0.0,0.0,0.0,0.0,[1635]
1702.0,CARTESIAN_POINT,0.0,0.0,0.0,1520.0,1.0,0.0,0.0,0.0,[1520]
1703.0,DIRECTION,0.0,0.0,0.0,1614.0,1.0,0.0,0.0,0.0,[1614]
1704.0,CARTESIAN_POINT,0.0,0.0,0.0,1571.0,0.0,0.0,0.0,0.0,[1571]
1705.0,DIRECTION,0.0,0.0,0.0,1521.0,1.0,0.0,0.0,0.0,[1521]
1706.0,CARTESIAN_POINT,0.0,0.0,0.0,1529.0,0.0,0.0,0.0,0.0,[1529]
1707.0,DIRECTION,0.0,0.0,0.0,1481.0,0.0,0.0,0.0,0.0,[1481]
1708.0,CARTESIAN_POINT,0.0,0.0,0.0,1475.0,1.0,0.0,0.0,0.0,[1475]
1709.0,DIRECTION,0.0,0.0,0.0,1631.0,1.0,0.0,0.0,0.0,[1631]
1710.0,DIRECTION,0.0,1848.0,1700.0,1688.0,1706.0,0.0,0.0,0.0,"[1848, 1700, 1688, 1706]"
1711.0,CARTESIAN_POINT,0.0,0.0,0.0,1616.0,0.0,0.0,0.0,0.0,[1616]
1712.0,DIRECTION,0.0,0.0,0.0,1617.0,1.0,0.0,0.0,0.0,[1617]
1713.0,CARTESIAN_POINT,0.0,0.0,0.0,1619.0,0.0,0.0,0.0,0.0,[1619]
1714.0,DIRECTION,0.0,1466.0,5.499999999999998,0.0,0.0,0.0,0.0,0.0,[1466]
1715.0,DIRECTION,0.0,0.0,0.0,1613.0,1.0,0.0,0.0,0.0,[1613]
1716.0,CARTESIAN_POINT,0.0,0.0,0.0,1626.0,1.0,0.0,0.0,0.0,[1626]
1717.0,DIRECTION,0.0,0.0,0.0,1635.0,1.0,0.0,0.0,0.0,[1635]
1718.0,DIRECTION,0.0,0.0,0.0,1493.0,0.0,0.0,0.0,0.0,[1493]
1719.0,CARTESIAN_POINT,0.0,0.0,0.0,1607.0,0.0,0.0,0.0,0.0,[1607]
1720.0,DIRECTION,0.0,0.0,0.0,1622.0,0.0,0.0,0.0,0.0,[1622]
1721.0,CARTESIAN_POINT,0.0,0.0,0.0,1621.0,0.0,0.0,0.0,0.0,[1621]
1722.0,DIRECTION,0.0,0.0,0.0,1611.0,1.0,0.0,0.0,0.0,[1611]
1723.0,CARTESIAN_POINT,0.0,0.0,0.0,1624.0,1.0,0.0,0.0,0.0,[1624]
1724.0,DIRECTION,0.0,0.0,0.0,1628.0,0.0,0.0,0.0,0.0,[1628]
1725.0,CARTESIAN_POINT,0.0,0.0,0.0,1483.0,1.0,0.0,0.0,0.0,[1483]
1726.0,DIRECTION,0.0,0.0,0.0,1606.0,0.0,0.0,0.0,0.0,[1606]
1727.0,CARTESIAN_POINT,0.0,0.0,0.0,1482.0,1.0,0.0,0.0,0.0,[1482]
1728.0,DIRECTION,0.0,0.0,0.0,1544.0,0.0,0.0,0.0,0.0,[1544]
1729.0,DIRECTION,0.0,0.0,0.0,1523.0,0.0,0.0,0.0,0.0,[1523]
1730.0,DIRECTION,0.0,0.0,0.0,1525.0,0.0,0.0,0.0,0.0,[1525]
1731.0,DIRECTION,0.0,0.0,0.0,1502.0,0.0,0.0,0.0,0.0,[1502]
1732.0,CARTESIAN_POINT,0.0,0.0,0.0,1634.0,1.0,0.0,0.0,0.0,[1634]
1733.0,CARTESIAN_POINT,0.0,0.0,0.0,1556.0,0.0,0.0,0.0,0.0,[1556]
1734.0,DIRECTION,0.0,0.0,0.0,1476.0,0.0,0.0,0.0,0.0,[1476]
1735.0,CARTESIAN_POINT,0.0,0.0,0.0,1566.0,0.0,0.0,0.0,0.0,[1566]
1736.0,CARTESIAN_POINT,0.0,0.0,0.0,1505.0,0.0,0.0,0.0,0.0,[1505]
1737.0,DIRECTION,0.0,0.0,0.0,1575.0,1.0,0.0,0.0,0.0,[1575]
1738.0,DIRECTION,0.0,0.0,0.0,1532.0,0.0,0.0,0.0,0.0,[1532]
1739.0,CARTESIAN_POINT,0.0,0.0,0.0,1508.0,0.0,0.0,0.0,0.0,[1508]
1740.0,DIRECTION,0.0,0.0,0.0,1639.0,1.0,0.0,0.0,0.0,[1639]
1741.0,CARTESIAN_POINT,0.0,0.0,0.0,1512.0,1.0,0.0,0.0,0.0,[1512]
1742.0,DIRECTION,0.0,0.0,0.0,1533.0,0.0,0.0,0.0,0.0,[1533]
1743.0,CARTESIAN_POINT,0.0,0.0,0.0,1530.0,0.0,0.0,0.0,0.0,[1530]
1744.0,DIRECTION,0.0,0.0,0.0,1630.0,1.0,0.0,0.0,0.0,[1630]
1745.0,DIRECTION,0.0,0.0,0.0,1603.0,1.0,0.0,0.0,0.0,[1603]
1746.0,CARTESIAN_POINT,0.0,0.0,0.0,1564.0,1.0,0.0,0.0,0.0,[1564]
1747.0,DIRECTION,0.0,0.0,0.0,1513.0,1.0,0.0,0.0,0.0,[1513]
1748.0,CARTESIAN_POINT,0.0,0.0,0.0,1361.0,0.0,0.0,0.0,0.0,[1361]
1749.0,DIRECTION,0.0,0.0,0.0,1477.0,0.0,0.0,0.0,0.0,[1477]
1750.0,CARTESIAN_POINT,0.0,0.0,0.0,1488.0,1.0,0.0,0.0,0.0,[1488]
1751.0,DIRECTION,0.0,0.0,0.0,1479.0,1.0,0.0,0.0,0.0,[1479]
1752.0,DIRECTION,0.0,0.0,0.0,1523.0,1.0,0.0,0.0,0.0,[1523]
1753.0,CARTESIAN_POINT,0.0,0.0,0.0,1570.0,1.0,0.0,0.0,0.0,[1570]
1754.0,DIRECTION,0.0,0.0,0.0,1620.0,0.0,0.0,0.0,0.0,[1620]
1755.0,DIRECTION,0.0,0.0,0.0,1507.0,0.0,0.0,0.0,0.0,[1507]
1756.0,CARTESIAN_POINT,0.0,0.0,0.0,1567.0,0.0,0.0,0.0,0.0,[1567]
1757.0,DIRECTION,0.0,0.0,0.0,1522.0,0.0,0.0,0.0,0.0,[1522]
1758.0,DIRECTION,0.0,0.0,0.0,1501.0,1.0,0.0,0.0,0.0,[1501]
1759.0,CARTESIAN_POINT,0.0,0.0,0.0,1490.0,1.0,0.0,0.0,0.0,[1490]
1760.0,DIRECTION,0.0,0.0,0.0,1592.0,0.0,0.0,0.0,0.0,[1592]
1761.0,DIRECTION,0.0,1856.0,1755.0,1914.0,1973.0,1987.0,1870.0,0.0,"[1856, 1755, 1914, 1973, 1987, 1870]"
1762.0,CARTESIAN_POINT,0.0,0.0,0.0,1568.0,1.0,0.0,0.0,0.0,[1568]
1763.0,DIRECTION,0.0,1951.0,1705.0,1906.0,1730.0,0.0,0.0,0.0,"[1951, 1705, 1906, 1730]"
1764.0,DIRECTION,0.0,1921.0,1830.0,1922.0,1918.0,0.0,0.0,0.0,"[1921, 1830, 1922, 1918]"
1765.0,CARTESIAN_POINT,0.0,1910.0,1954.0,1912.0,1969.0,0.0,0.0,0.0,"[1910, 1954, 1912, 1969]"
1766.0,DIRECTION,0.0,1754.0,1703.0,1744.0,0.0,0.0,0.0,0.0,"[1754, 1703, 1744]"
1767.0,CARTESIAN_POINT,0.0,1748.0,1858.0,1967.0,1884.0,1738.0,1742.0,1892.0,"[1748, 1858, 1967, 1884, 1738, 1742, 1892, 1863, 1728, 1896, 1894, 1898, 1901, 1899, 1917, 1919, 1941, 1940, 1938, 1936]"
1768.0,DIRECTION,0.0,1905.0,1732.0,1691.0,1886.0,0.0,0.0,0.0,"[1905, 1732, 1691, 1886]"
1769.0,DIRECTION,0.0,1900.0,2011.0,2010.0,1975.0,0.0,0.0,0.0,"[1900, 2011, 2010, 1975]"
1770.0,CARTESIAN_POINT,0.0,2021.0,2023.0,2024.0,2022.0,2025.0,0.0,0.0,"[2021, 2023, 2024, 2022, 2025]"
1771.0,DIRECTION,0.0,1902.0,1869.0,1875.0,1895.0,0.0,0.0,0.0,"[1902, 1869, 1875, 1895]"
1772.0,DIRECTION,0.0,1719.0,1715.0,1996.0,1713.0,0.0,0.0,0.0,"[1719, 1715, 1996, 1713]"
1773.0,CARTESIAN_POINT,0.0,0.0,0.0,1509.0,0.0,0.0,0.0,0.0,[1509]
1774.0,DIRECTION,0.0,0.0,0.0,1492.0,0.0,0.0,0.0,0.0,[1492]
1775.0,CARTESIAN_POINT,0.0,0.0,0.0,1546.0,0.0,0.0,0.0,0.0,[1546]
1776.0,DIRECTION,0.0,0.0,0.0,1584.0,0.0,0.0,0.0,0.0,[1584]
1777.0,DIRECTION,0.0,0.0,0.0,1563.0,0.0,0.0,0.0,0.0,[1563]
1778.0,CARTESIAN_POINT,0.0,0.0,0.0,1520.0,0.0,0.0,0.0,0.0,[1520]
1779.0,DIRECTION,0.0,0.0,0.0,1548.0,0.0,0.0,0.0,0.0,[1548]
1780.0,CARTESIAN_POINT,0.0,0.0,0.0,1516.0,0.0,0.0,0.0,0.0,[1516]
1781.0,DIRECTION,0.0,0.0,0.0,1564.0,0.0,0.0,0.0,0.0,[1564]
1782.0,DIRECTION,0.0,0.0,0.0,1583.0,0.0,0.0,0.0,0.0,[1583]
1783.0,CARTESIAN_POINT,0.0,0.0,0.0,1554.0,0.0,0.0,0.0,0.0,[1554]
1784.0,DIRECTION,0.0,0.0,0.0,1576.0,0.0,0.0,0.0,0.0,[1576]
1785.0,DIRECTION,0.0,0.0,0.0,1559.0,0.0,0.0,0.0,0.0,[1559]
1786.0,CARTESIAN_POINT,0.0,0.0,0.0,1572.0,0.0,0.0,0.0,0.0,[1572]
1787.0,DIRECTION,0.0,0.0,0.0,1511.0,0.0,0.0,0.0,0.0,[1511]
1788.0,DIRECTION,0.0,0.0,0.0,1539.0,0.0,0.0,0.0,0.0,[1539]
1789.0,DIRECTION,0.0,0.0,0.0,1549.0,0.0,0.0,0.0,0.0,[1549]
1790.0,CARTESIAN_POINT,0.0,0.0,0.0,1527.0,0.0,0.0,0.0,0.0,[1527]
1791.0,DIRECTION,0.0,0.0,0.0,1593.0,0.0,0.0,0.0,0.0,[1593]
1792.0,DIRECTION,0.0,0.0,0.0,1540.0,0.0,0.0,0.0,0.0,[1540]
1793.0,CARTESIAN_POINT,0.0,0.0,0.0,1521.0,0.0,0.0,0.0,0.0,[1521]
1794.0,DIRECTION,0.0,0.0,0.0,1588.0,0.0,0.0,0.0,0.0,[1588]
1795.0,DIRECTION,0.0,0.0,0.0,1561.0,0.0,0.0,0.0,0.0,[1561]
1796.0,CARTESIAN_POINT,0.0,0.0,0.0,1536.0,0.0,0.0,0.0,0.0,[1536]
1797.0,DIRECTION,0.0,0.0,0.0,1590.0,0.0,0.0,0.0,0.0,[1590]
1798.0,CARTESIAN_POINT,0.0,0.0,0.0,1524.0,0.0,0.0,0.0,0.0,[1524]
1799.0,DIRECTION,0.0,0.0,0.0,1600.0,0.0,0.0,0.0,0.0,[1600]
1800.0,CARTESIAN_POINT,0.0,0.0,0.0,1616.0,1.0,0.0,0.0,0.0,[1616]
1801.0,DIRECTION,0.0,0.0,0.0,1557.0,0.0,0.0,0.0,0.0,[1557]
1802.0,CARTESIAN_POINT,0.0,0.0,0.0,1626.0,0.0,0.0,0.0,0.0,[1626]
1803.0,CARTESIAN_POINT,0.0,0.0,0.0,1599.0,1.0,0.0,0.0,0.0,[1599]
1804.0,DIRECTION,0.0,0.0,0.0,1621.0,1.0,0.0,0.0,0.0,[1621]
1805.0,CARTESIAN_POINT,0.0,0.0,0.0,1604.0,0.0,0.0,0.0,0.0,[1604]
1806.0,DIRECTION,0.0,0.0,0.0,1623.0,0.0,0.0,0.0,0.0,[1623]
1807.0,CARTESIAN_POINT,0.0,0.0,0.0,1598.0,1.0,0.0,0.0,0.0,[1598]
1808.0,DIRECTION,0.0,0.0,0.0,1604.0,1.0,0.0,0.0,0.0,[1604]
1809.0,DIRECTION,0.0,0.0,0.0,1601.0,0.0,0.0,0.0,0.0,[1601]
1810.0,CARTESIAN_POINT,0.0,0.0,0.0,1598.0,0.0,0.0,0.0,0.0,[1598]
1811.0,DIRECTION,0.0,0.0,0.0,1622.0,1.0,0.0,0.0,0.0,[1622]
1812.0,CARTESIAN_POINT,0.0,0.0,0.0,1619.0,1.0,0.0,0.0,0.0,[1619]
1813.0,DIRECTION,0.0,0.0,0.0,1597.0,0.0,0.0,0.0,0.0,[1597]
1814.0,CARTESIAN_POINT,0.0,0.0,0.0,1594.0,1.0,0.0,0.0,0.0,[1594]
1815.0,DIRECTION,0.0,0.0,0.0,1636.0,1.0,0.0,0.0,0.0,[1636]
1816.0,DIRECTION,0.0,0.0,0.0,1613.0,0.0,0.0,0.0,0.0,[1613]
1817.0,DIRECTION,0.0,0.0,0.0,1602.0,0.0,0.0,0.0,0.0,[1602]
1818.0,CARTESIAN_POINT,0.0,0.0,0.0,1631.0,0.0,0.0,0.0,0.0,[1631]
1819.0,DIRECTION,0.0,0.0,0.0,1617.0,0.0,0.0,0.0,0.0,[1617]
1820.0,DIRECTION,0.0,0.0,0.0,1597.0,1.0,0.0,0.0,0.0,[1597]
1821.0,DIRECTION,0.0,0.0,0.0,1627.0,0.0,0.0,0.0,0.0,[1627]
1822.0,CARTESIAN_POINT,0.0,0.0,0.0,1602.0,1.0,0.0,0.0,0.0,[1602]
1823.0,CARTESIAN_POINT,0.0,0.0,0.0,1608.0,1.0,0.0,0.0,0.0,[1608]
1824.0,DIRECTION,0.0,0.0,0.0,1610.0,0.0,0.0,0.0,0.0,[1610]
1825.0,CARTESIAN_POINT,0.0,0.0,0.0,1361.0,1.0,0.0,0.0,0.0,[1361]
1826.0,CARTESIAN_POINT,0.0,0.0,0.0,1628.0,1.0,0.0,0.0,0.0,[1628]
1827.0,DIRECTION,0.0,0.0,0.0,1600.0,1.0,0.0,0.0,0.0,[1600]
1828.0,DIRECTION,0.0,0.0,0.0,1517.0,1.0,0.0,0.0,0.0,[1517]
1829.0,CARTESIAN_POINT,0.0,0.0,0.0,1625.0,1.0,0.0,0.0,0.0,[1625]
1830.0,DIRECTION,0.0,0.0,0.0,1563.0,1.0,0.0,0.0,0.0,[1563]
1831.0,CARTESIAN_POINT,0.0,1960.0,1855.0,1712.0,1724.0,0.0,0.0,0.0,"[1960, 1855, 1712, 1724]"
1832.0,DIRECTION,0.0,1726.0,1723.0,1717.0,1685.0,0.0,0.0,0.0,"[1726, 1723, 1717, 1685]"
1833.0,CARTESIAN_POINT,0.0,1704.0,1701.0,0.0,0.0,0.0,0.0,0.0,"[1704, 1701]"
1834.0,DIRECTION,0.0,1952.0,1857.0,0.0,0.0,0.0,0.0,0.0,"[1952, 1857]"
1835.0,DIRECTION,0.0,1890.0,1751.0,1750.0,1734.0,0.0,0.0,0.0,"[1890, 1751, 1750, 1734]"
1836.0,DIRECTION,0.0,1729.0,1749.0,1949.0,1756.0,0.0,0.0,0.0,"[1729, 1749, 1949, 1756]"
1837.0,DIRECTION,0.0,1737.0,1746.0,1888.0,1747.0,0.0,0.0,0.0,"[1737, 1746, 1888, 1747]"
1838.0,DIRECTION,0.0,1939.0,1933.0,1937.0,1934.0,1935.0,1931.0,1932.0,"[1939, 1933, 1937, 1934, 1935, 1931, 1932, 1928, 1930, 1926, 1929, 1920]"
1839.0,CARTESIAN_POINT,0.0,1903.0,1709.0,1740.0,1720.0,0.0,0.0,0.0,"[1903, 1709, 1740, 1720]"
1840.0,CARTESIAN_POINT,0.0,1971.0,1953.0,1908.0,1695.0,0.0,0.0,0.0,"[1971, 1953, 1908, 1695]"
1841.0,DIRECTION,0.0,1708.0,1947.0,1759.0,1707.0,0.0,0.0,0.0,"[1708, 1947, 1759, 1707]"
1842.0,CARTESIAN_POINT,0.0,1762.0,1847.0,1846.0,1944.0,1946.0,0.0,0.0,"[1762, 1847, 1846, 1944, 1946]"
1843.0,CARTESIAN_POINT,0.0,1721.0,1716.0,1722.0,1711.0,0.0,0.0,0.0,"[1721, 1716, 1722, 1711]"
1844.0,DIRECTION,0.0,1693.0,1727.0,1725.0,0.0,0.0,0.0,0.0,"[1693, 1727, 1725]"
1845.0,DIRECTION,0.0,0.0,0.0,1542.0,0.0,0.0,0.0,0.0,[1542]
1846.0,CARTESIAN_POINT,0.0,0.0,0.0,1491.0,1.0,0.0,0.0,0.0,[1491]
1847.0,DIRECTION,0.0,0.0,0.0,1496.0,1.0,0.0,0.0,0.0,[1496]
1848.0,CARTESIAN_POINT,0.0,0.0,0.0,1472.0,0.0,0.0,0.0,0.0,[1472]
1849.0,DIRECTION,0.0,1945.0,1916.0,1942.0,1845.0,0.0,0.0,0.0,"[1945, 1916, 1942, 1845]"
1850.0,CARTESIAN_POINT,0.0,0.0,0.0,1607.0,1.0,0.0,0.0,0.0,[1607]
1851.0,DIRECTION,0.0,0.0,0.0,1612.0,1.0,0.0,0.0,0.0,[1612]
1852.0,DIRECTION,0.0,0.0,0.0,1501.0,0.0,0.0,0.0,0.0,[1501]
1853.0,DIRECTION,0.0,0.0,0.0,1480.0,0.0,0.0,0.0,0.0,[1480]
1854.0,DIRECTION,0.0,0.0,0.0,1516.0,1.0,0.0,0.0,0.0,[1516]
1856.0,DIRECTION,0.0,0.0,0.0,1469.0,0.0,0.0,0.0,0.0,[1469]
1857.0,DIRECTION,0.0,0.0,0.0,1488.0,0.0,0.0,0.0,0.0,[1488]
1858.0,DIRECTION,0.0,0.0,0.0,1536.0,1.0,0.0,0.0,0.0,[1536]
1861.0,CARTESIAN_POINT,0.0,0.0,0.0,1530.0,1.0,0.0,0.0,0.0,[1530]
1862.0,DIRECTION,0.0,0.0,0.0,1544.0,1.0,0.0,0.0,0.0,[1544]
1863.0,APPLICATION_CONTEXT,0.0,0.0,0.0,1519.0,0.0,0.0,0.0,0.0,[1519]
1864.0,APPLICATION_PROTOCOL_DEFINITION,0.0,0.0,0.0,1500.0,0.0,0.0,0.0,0.0,[1500]
1865.0,MECHANICAL_CONTEXT,0.0,0.0,0.0,1514.0,1.0,0.0,0.0,0.0,[1514]
1866.0,PERSON_AND_ORGANIZATION_ROLE,0.0,0.0,0.0,1534.0,1.0,0.0,0.0,0.0,[1534]
1867.0,APPLICATION_CONTEXT,0.0,0.0,0.0,1552.0,0.0,0.0,0.0,0.0,[1552]
1868.0,APPLICATION_PROTOCOL_DEFINITION,0.0,0.0,0.0,1474.0,1.0,0.0,0.0,0.0,[1474]
1869.0,APPROVAL_STATUS,0.0,0.0,0.0,1489.0,0.0,0.0,0.0,0.0,[1489]
1870.0,APPROVAL_ROLE,0.0,0.0,0.0,1499.0,0.0,0.0,0.0,0.0,[1499]
1871.0,PERSON_AND_ORGANIZATION_ROLE,0.0,0.0,0.0,1586.0,0.0,0.0,0.0,0.0,[1586]
1872.0,DATE_TIME_ROLE,0.0,0.0,0.0,1606.0,1.0,0.0,0.0,0.0,[1606]
1873.0,APPROVAL_STATUS,0.0,0.0,0.0,1475.0,0.0,0.0,0.0,0.0,[1475]
1874.0,APPROVAL_ROLE,0.0,0.0,0.0,1632.0,1.0,0.0,0.0,0.0,[1632]
1875.0,PERSON_AND_ORGANIZATION_ROLE,0.0,0.0,0.0,1485.0,1.0,0.0,0.0,0.0,[1485]
1876.0,PERSON_AND_ORGANIZATION_ROLE,0.0,0.0,0.0,1615.0,0.0,0.0,0.0,0.0,[1615]
1877.0,SECURITY_CLASSIFICATION_LEVEL,0.0,0.0,0.0,1582.0,0.0,0.0,0.0,0.0,[1582]
1878.0,PERSON_AND_ORGANIZATION_ROLE,0.0,0.0,0.0,1486.0,1.0,0.0,0.0,0.0,[1486]
1879.0,DATE_TIME_ROLE,0.0,0.0,0.0,1573.0,1.0,0.0,0.0,0.0,[1573]
1880.0,APPROVAL_STATUS,0.0,0.0,0.0,1595.0,1.0,0.0,0.0,0.0,[1595]
1881.0,APPROVAL_ROLE,0.0,0.0,0.0,1614.0,0.0,0.0,0.0,0.0,[1614]
1882.0,CARTESIAN_POINT,0.0,0.0,0.0,1620.0,1.0,0.0,0.0,0.0,[1620]
1883.0,CIRCLE,0.0,0.0,0.0,1595.0,0.0,0.0,0.0,0.0,[1595]
1884.0,LINE,0.0,0.0,0.0,1540.0,1.0,0.0,0.0,0.0,[1540]
1885.0,CARTESIAN_POINT,0.0,0.0,0.0,1524.0,1.0,0.0,0.0,0.0,[1524]
1886.0,CARTESIAN_POINT,0.0,0.0,0.0,1618.0,0.0,0.0,0.0,0.0,[1618]
1887.0,CARTESIAN_POINT,0.0,0.0,0.0,1467.0,1.0,0.0,0.0,0.0,[1467]
1888.0,DIRECTION,0.0,0.0,0.0,1545.0,1.0,0.0,0.0,0.0,[1545]
1889.0,DIRECTION,0.0,0.0,0.0,1471.0,1.0,0.0,0.0,0.0,[1471]
1890.0,DIRECTION,0.0,0.0,0.0,1478.0,1.0,0.0,0.0,0.0,[1478]
1891.0,CARTESIAN_POINT,0.0,0.0,0.0,1515.0,1.0,0.0,0.0,0.0,[1515]
1892.0,DIRECTION,0.0,0.0,0.0,1539.0,1.0,0.0,0.0,0.0,[1539]
1893.0,CARTESIAN_POINT,0.0,0.0,0.0,1565.0,1.0,0.0,0.0,0.0,[1565]
1894.0,CARTESIAN_POINT,0.0,0.0,0.0,1504.0,1.0,0.0,0.0,0.0,[1504]
1895.0,CARTESIAN_POINT,0.0,0.0,0.0,1586.0,1.0,0.0,0.0,0.0,[1586]
1896.0,CARTESIAN_POINT,0.0,0.0,0.0,1542.0,1.0,0.0,0.0,0.0,[1542]
1897.0,CARTESIAN_POINT,0.0,0.0,0.0,1489.0,1.0,0.0,0.0,0.0,[1489]
1898.0,DIRECTION,0.0,0.0,0.0,1543.0,0.0,0.0,0.0,0.0,[1543]
1899.0,DIRECTION,0.0,0.0,0.0,1506.0,0.0,0.0,0.0,0.0,[1506]
1900.0,DIRECTION,0.0,0.0,0.0,1634.0,0.0,0.0,0.0,0.0,[1634]
1901.0,CARTESIAN_POINT,0.0,0.0,0.0,1546.0,1.0,0.0,0.0,0.0,[1546]
1902.0,CARTESIAN_POINT,0.0,0.0,0.0,1605.0,0.0,0.0,0.0,0.0,[1605]
1903.0,CARTESIAN_POINT,0.0,0.0,0.0,1636.0,0.0,0.0,0.0,0.0,[1636]
1904.0,CARTESIAN_POINT,0.0,0.0,0.0,1573.0,0.0,0.0,0.0,0.0,[1573]
1905.0,DIRECTION,0.0,0.0,0.0,1630.0,0.0,0.0,0.0,0.0,[1630]
1906.0,DIRECTION,0.0,0.0,0.0,1518.0,0.0,0.0,0.0,0.0,[1518]
1907.0,DIRECTION,0.0,0.0,0.0,1506.0,1.0,0.0,0.0,0.0,[1506]
1908.0,DIRECTION,0.0,0.0,0.0,1487.0,1.0,0.0,0.0,0.0,[1487]
1909.0,CARTESIAN_POINT,0.0,0.0,0.0,1527.0,1.0,0.0,0.0,0.0,[1527]
1910.0,DIRECTION,0.0,0.0,0.0,1632.0,0.0,0.0,0.0,0.0,[1632]
1911.0,CARTESIAN_POINT,0.0,0.0,0.0,1511.0,1.0,0.0,0.0,0.0,[1511]
1912.0,CARTESIAN_POINT,0.0,0.0,0.0,1629.0,1.0,0.0,0.0,0.0,[1629]
1913.0,DIRECTION,0.0,0.0,0.0,1633.0,1.0,0.0,0.0,0.0,[1633]
1914.0,DIRECTION,0.0,0.0,0.0,1505.0,1.0,0.0,0.0,0.0,[1505]
1915.0,CARTESIAN_POINT,0.0,0.0,0.0,1624.0,0.0,0.0,0.0,0.0,[1624]
1916.0,CARTESIAN_POINT,0.0,0.0,0.0,1495.0,0.0,0.0,0.0,0.0,[1495]
1917.0,CARTESIAN_POINT,0.0,0.0,0.0,1545.0,0.0,0.0,0.0,0.0,[1545]
1918.0,DIRECTION,0.0,0.0,0.0,1567.0,1.0,0.0,0.0,0.0,[1567]
1919.0,DIRECTION,0.0,0.0,0.0,1548.0,1.0,0.0,0.0,0.0,[1548]
1920.0,DIRECTION,0.0,0.0,0.0,1503.0,0.0,0.0,0.0,0.0,[1503]
1921.0,DIRECTION,0.0,0.0,0.0,1541.0,1.0,0.0,0.0,0.0,[1541]
1922.0,CARTESIAN_POINT,0.0,0.0,0.0,1528.0,0.0,0.0,0.0,0.0,[1528]
1923.0,DIRECTION,0.0,0.0,0.0,1561.0,1.0,0.0,0.0,0.0,[1561]
1924.0,CARTESIAN_POINT,0.0,0.0,0.0,1557.0,1.0,0.0,0.0,0.0,[1557]
1925.0,CARTESIAN_POINT,0.0,0.0,0.0,1467.0,0.0,0.0,0.0,0.0,[1467]
1926.0,DIRECTION,0.0,0.0,0.0,1492.0,1.0,0.0,0.0,0.0,[1492]
1927.0,DIRECTION,0.0,0.0,0.0,1580.0,1.0,0.0,0.0,0.0,[1580]
1928.0,DIRECTION,0.0,0.0,0.0,1556.0,1.0,0.0,0.0,0.0,[1556]
1929.0,CARTESIAN_POINT,0.0,0.0,0.0,1543.0,1.0,0.0,0.0,0.0,[1543]
1930.0,DIRECTION,0.0,0.0,0.0,1560.0,1.0,0.0,0.0,0.0,[1560]
1931.0,DIRECTION,0.0,0.0,0.0,1554.0,1.0,0.0,0.0,0.0,[1554]
1932.0,DIRECTION,0.0,0.0,0.0,1555.0,0.0,0.0,0.0,0.0,[1555]
1933.0,DIRECTION,0.0,0.0,0.0,1549.0,1.0,0.0,0.0,0.0,[1549]
1934.0,CARTESIAN_POINT,0.0,0.0,0.0,1553.0,1.0,0.0,0.0,0.0,[1553]
1935.0,DIRECTION,0.0,0.0,0.0,1552.0,1.0,0.0,0.0,0.0,[1552]
1936.0,DESIGN_CONTEXT,0.0,0.0,0.0,1550.0,0.0,0.0,0.0,0.0,[1550]
1937.0,PRODUCT_DEFINITION_SHAPE,0.0,0.0,0.0,1551.0,0.0,0.0,0.0,0.0,[1551]
1938.0,CARTESIAN_POINT,0.0,0.0,0.0,1471.0,0.0,0.0,0.0,0.0,[1471]
1939.0,DIRECTION,0.0,0.0,0.0,1531.0,0.0,0.0,0.0,0.0,[1531]
1940.0,DIRECTION,0.0,0.0,0.0,1547.0,1.0,0.0,0.0,0.0,[1547]
1941.0,CARTESIAN_POINT,0.0,0.0,0.0,1541.0,0.0,0.0,0.0,0.0,[1541]
1942.0,CARTESIAN_POINT,0.0,0.0,0.0,1499.0,1.0,0.0,0.0,0.0,[1499]
1943.0,DIRECTION,0.0,0.0,0.0,1487.0,0.0,0.0,0.0,0.0,[1487]
1944.0,DIRECTION,0.0,0.0,0.0,1469.0,1.0,0.0,0.0,0.0,[1469]
1945.0,DIRECTION,0.0,0.0,0.0,1497.0,1.0,0.0,0.0,0.0,[1497]
1946.0,DIRECTION,0.0,0.0,0.0,1495.0,1.0,0.0,0.0,0.0,[1495]
1947.0,CARTESIAN_POINT,0.0,0.0,0.0,1484.0,1.0,0.0,0.0,0.0,[1484]
1948.0,DIRECTION,0.0,0.0,0.0,1470.0,0.0,0.0,0.0,0.0,[1470]
1949.0,DIRECTION,0.0,0.0,0.0,1547.0,0.0,0.0,0.0,0.0,[1547]
1950.0,DIRECTION,0.0,0.0,0.0,1473.0,0.0,0.0,0.0,0.0,[1473]
1951.0,CARTESIAN_POINT,0.0,0.0,0.0,1519.0,1.0,0.0,0.0,0.0,[1519]
1952.0,CARTESIAN_POINT,0.0,0.0,0.0,1574.0,0.0,0.0,0.0,0.0,[1574]
1953.0,DIRECTION,0.0,0.0,0.0,1605.0,1.0,0.0,0.0,0.0,[1605]
1954.0,DIRECTION,0.0,0.0,0.0,1615.0,1.0,0.0,0.0,0.0,[1615]
1955.0,CARTESIAN_POINT,0.0,0.0,0.0,1491.0,0.0,0.0,0.0,0.0,[1491]
1956.0,CARTESIAN_POINT,0.0,0.0,0.0,1497.0,0.0,0.0,0.0,0.0,[1497]
1957.0,CARTESIAN_POINT,0.0,0.0,0.0,1535.0,1.0,0.0,0.0,0.0,[1535]
1958.0,DIRECTION,0.0,0.0,0.0,1472.0,1.0,0.0,0.0,0.0,[1472]
1959.0,DIRECTION,0.0,0.0,0.0,1522.0,1.0,0.0,0.0,0.0,[1522]
1960.0,CARTESIAN_POINT,0.0,0.0,0.0,1625.0,0.0,0.0,0.0,0.0,[1625]
1961.0,DIRECTION,0.0,0.0,0.0,1477.0,1.0,0.0,0.0,0.0,[1477]
1962.0,DIRECTION,0.0,0.0,0.0,1507.0,1.0,0.0,0.0,0.0,[1507]
1963.0,DIRECTION,0.0,0.0,0.0,1494.0,0.0,0.0,0.0,0.0,[1494]
1964.0,CARTESIAN_POINT,0.0,0.0,0.0,1534.0,0.0,0.0,0.0,0.0,[1534]
1965.0,DIRECTION,0.0,0.0,0.0,1463.0,1.0,0.0,0.0,0.0,[1463]
1966.0,CARTESIAN_POINT,0.0,0.0,0.0,1588.0,1.0,0.0,0.0,0.0,[1588]
1967.0,DIRECTION,0.0,0.0,0.0,1580.0,0.0,0.0,0.0,0.0,[1580]
1968.0,CARTESIAN_POINT,0.0,0.0,0.0,1508.0,1.0,0.0,0.0,0.0,[1508]
1969.0,CARTESIAN_POINT,0.0,0.0,0.0,1486.0,0.0,0.0,0.0,0.0,[1486]
1970.0,DIRECTION,0.0,0.0,0.0,1629.0,0.0,0.0,0.0,0.0,[1629]
1971.0,CARTESIAN_POINT,0.0,0.0,0.0,1483.0,0.0,0.0,0.0,0.0,[1483]
1972.0,DIRECTION,0.0,0.0,0.0,1480.0,1.0,0.0,0.0,0.0,[1480]
1973.0,DIRECTION,0.0,0.0,0.0,1503.0,1.0,0.0,0.0,0.0,[1503]
1974.0,DIRECTION,0.0,0.0,0.0,1594.0,0.0,0.0,0.0,0.0,[1594]
1975.0,CARTESIAN_POINT,0.0,0.0,0.0,1591.0,1.0,0.0,0.0,0.0,[1591]
1976.0,CARTESIAN_POINT,0.0,0.0,0.0,1463.0,0.0,0.0,0.0,0.0,[1463]
1977.0,CARTESIAN_POINT,0.0,0.0,0.0,1593.0,1.0,0.0,0.0,0.0,[1593]
1978.0,CARTESIAN_POINT,0.0,0.0,0.0,1532.0,1.0,0.0,0.0,0.0,[1532]
1979.0,CARTESIAN_POINT,0.0,0.0,0.0,1535.0,0.0,0.0,0.0,0.0,[1535]
1980.0,DIRECTION,0.0,0.0,0.0,1590.0,1.0,0.0,0.0,0.0,[1590]
1981.0,CARTESIAN_POINT,0.0,0.0,0.0,1490.0,0.0,0.0,0.0,0.0,[1490]
1982.0,DIRECTION,0.0,0.0,0.0,1581.0,1.0,0.0,0.0,0.0,[1581]
1983.0,CARTESIAN_POINT,0.0,0.0,0.0,1639.0,0.0,0.0,0.0,0.0,[1639]
1984.0,DIRECTION,0.0,0.0,0.0,1498.0,0.0,0.0,0.0,0.0,[1498]
1985.0,CARTESIAN_POINT,0.0,0.0,0.0,1468.0,1.0,0.0,0.0,0.0,[1468]
1986.0,DIRECTION,0.0,0.0,0.0,1574.0,1.0,0.0,0.0,0.0,[1574]
1987.0,CARTESIAN_POINT,0.0,0.0,0.0,1504.0,0.0,0.0,0.0,0.0,[1504]
1988.0,CARTESIAN_POINT,0.0,0.0,0.0,1582.0,1.0,0.0,0.0,0.0,[1582]
1989.0,CARTESIAN_POINT,0.0,0.0,0.0,1560.0,0.0,0.0,0.0,0.0,[1560]
1990.0,CARTESIAN_POINT,0.0,0.0,0.0,1591.0,0.0,0.0,0.0,0.0,[1591]
1991.0,CARTESIAN_POINT,0.0,0.0,0.0,1570.0,0.0,0.0,0.0,0.0,[1570]
1992.0,DIRECTION,0.0,0.0,0.0,1526.0,0.0,0.0,0.0,0.0,[1526]
1993.0,CARTESIAN_POINT,0.0,0.0,0.0,1468.0,0.0,0.0,0.0,0.0,[1468]
1994.0,CARTESIAN_POINT,0.0,0.0,0.0,1494.0,1.0,0.0,0.0,0.0,[1494]
1995.0,DIRECTION,0.0,0.0,0.0,1533.0,1.0,0.0,0.0,0.0,[1533]
1996.0,DIRECTION,0.0,0.0,0.0,1623.0,1.0,0.0,0.0,0.0,[1623]
1997.0,CARTESIAN_POINT,0.0,0.0,0.0,1482.0,0.0,0.0,0.0,0.0,[1482]
1998.0,DIRECTION,0.0,0.0,0.0,1515.0,0.0,0.0,0.0,0.0,[1515]
1999.0,CARTESIAN_POINT,0.0,1887.0,1885.0,1698.0,1689.0,1959.0,1752.0,1690.0,"[1887, 1885, 1698, 1689, 1959, 1752, 1690, 1702, 1680, 1739, 1681, 1694, 1736, 1972, 1696, 1861, 1697, 1909, 1965, 1957, 1966]"
2000.0,DIRECTION,0.0,0.0,0.0,1569.0,0.0,0.0,0.0,0.0,[1569]
2001.0,DIRECTION,0.0,0.0,0.0,1612.0,0.0,0.0,0.0,0.0,[1612]
2002.0,CARTESIAN_POINT,0.0,0.0,0.0,1583.0,1.0,0.0,0.0,0.0,[1583]
2003.0,DIRECTION,0.0,0.0,0.0,1572.0,1.0,0.0,0.0,0.0,[1572]
2004.0,DIRECTION,0.0,0.0,0.0,1581.0,0.0,0.0,0.0,0.0,[1581]
2005.0,CARTESIAN_POINT,0.0,0.0,0.0,1551.0,1.0,0.0,0.0,0.0,[1551]
2006.0,DIRECTION,0.0,0.0,0.0,1510.0,0.0,0.0,0.0,0.0,[1510]
2007.0,DIRECTION,0.0,0.0,0.0,1592.0,1.0,0.0,0.0,0.0,[1592]
2008.0,CARTESIAN_POINT,0.0,0.0,0.0,1550.0,1.0,0.0,0.0,0.0,[1550]
2009.0,CARTESIAN_POINT,0.0,0.0,0.0,1571.0,1.0,0.0,0.0,0.0,[1571]
2010.0,CARTESIAN_POINT,0.0,0.0,0.0,1618.0,1.0,0.0,0.0,0.0,[1618]
2011.0,CARTESIAN_POINT,0.0,0.0,0.0,1565.0,0.0,0.0,0.0,0.0,[1565]
2012.0,CARTESIAN_POINT,0.0,0.0,0.0,1609.0,0.0,0.0,0.0,0.0,[1609]
2013.0,DIRECTION,0.0,0.0,0.0,1610.0,1.0,0.0,0.0,0.0,[1610]
2014.0,DIRECTION,0.0,0.0,0.0,1553.0,0.0,0.0,0.0,0.0,[1553]
2015.0,CARTESIAN_POINT,0.0,0.0,0.0,1484.0,0.0,0.0,0.0,0.0,[1484]
2016.0,DIRECTION,0.0,0.0,0.0,1473.0,1.0,0.0,0.0,0.0,[1473]
2017.0,CARTESIAN_POINT,0.0,0.0,0.0,1569.0,1.0,0.0,0.0,0.0,[1569]
2018.0,DIRECTION,0.0,0.0,0.0,1470.0,1.0,0.0,0.0,0.0,[1470]
2019.0,DIRECTION,0.0,0.0,0.0,1481.0,1.0,0.0,0.0,0.0,[1481]
2020.0,CARTESIAN_POINT,0.0,0.0,0.0,1498.0,1.0,0.0,0.0,0.0,[1498]
2021.0,CARTESIAN_POINT,0.0,0.0,0.0,1555.0,1.0,0.0,0.0,0.0,[1555]
2022.0,DIRECTION,0.0,0.0,0.0,1603.0,0.0,0.0,0.0,0.0,[1603]
2023.0,CARTESIAN_POINT,0.0,0.0,0.0,1576.0,1.0,0.0,0.0,0.0,[1576]
2024.0,DIRECTION,0.0,0.0,0.0,1514.0,0.0,0.0,0.0,0.0,[1514]
2025.0,CARTESIAN_POINT,0.0,0.0,0.0,1577.0,0.0,0.0,0.0,0.0,[1577]
2026.0,DIRECTION,0.0,0.0,0.0,1512.0,0.0,0.0,0.0,0.0,[1512]
2027.0,DIRECTION,0.0,0.0,0.0,1476.0,1.0,0.0,0.0,0.0,[1476]
2028.0,DIRECTION,0.0,0.0,0.0,1599.0,0.0,0.0,0.0,0.0,[1599]
2029.0,DIRECTION,0.0,0.0,0.0,1500.0,1.0,0.0,0.0,0.0,[1500]
2030.0,CARTESIAN_POINT,0.0,0.0,0.0,1479.0,0.0,0.0,0.0,0.0,[1479]
2031.0,DIRECTION,0.0,0.0,0.0,1611.0,0.0,0.0,0.0,0.0,[1611]
2032.0,DIRECTION,0.0,0.0,0.0,1601.0,1.0,0.0,0.0,0.0,[1601]
2033.0,DIRECTION,0.0,0.0,0.0,1608.0,0.0,0.0,0.0,0.0,[1608]
2034.0,CARTESIAN_POINT,0.0,0.0,0.0,1584.0,1.0,0.0,0.0,0.0,[1584]
